mention_id,date,platform,topic,mention_text,sentiment,likes,shares,comments,reach,influence_score,is_verified,hashtag_count,mention_count
MEN_0001,2023-04-12,LinkedIn,support,The support is standard for the industry. Fair enough.,neutral,25,6,2,113,9.62,False,2,3
MEN_0002,2024-03-10,LinkedIn,support,Love the new support update! Really impressed with how they handled this.,positive,73,14,8,653,5.68,False,2,2
MEN_0003,2024-07-24,YouTube,product quality,Great experience with their product quality. Customer for life!,positive,101,18,14,2035,3.81,False,1,3
MEN_0004,2023-10-25,Instagram,features,The features is standard for the industry. Fair enough.,neutral,122,25,6,1039,7.07,True,3,3
MEN_0005,2024-06-19,YouTube,customer service,Great experience with their customer service. Customer for life!,positive,165,45,10,682,9.33,False,0,2
MEN_0006,2023-07-23,Facebook,features,Bad experience with features. Looking for alternatives now.,negative,54,18,8,1047,3.51,False,4,2
MEN_0007,2024-10-21,Instagram,user experience,Why is the user experience still not fixed? Very disappointed.,negative,308,122,39,3583,2.33,False,0,0
MEN_0008,2023-09-14,Instagram,innovation,Just tried their innovation and it's amazing. Highly recommend!,positive,65,20,11,-339,5.48,True,1,3
MEN_0009,2024-09-11,YouTube,user experience,Shoutout to the team for excellent user experience. Keep it up!,positive,215,70,32,1799,5.68,False,3,1
MEN_0010,2023-10-28,YouTube,innovation,The innovation needs serious improvement. Not worth the price.,negative,262,89,34,2837,1.16,True,3,0
MEN_0011,2024-01-28,Instagram,user experience,The user experience is standard for the industry. Fair enough.,neutral,76,8,10,1022,8.74,False,5,1
MEN_0012,2024-05-18,Instagram,pricing,Great experience with their pricing. Customer for life!,positive,147,19,22,1467,6.94,False,4,3
MEN_0013,2024-05-02,Reddit,pricing,Bad experience with pricing. Looking for alternatives now.,negative,44,12,4,448,7.09,False,2,0
MEN_0014,2023-01-29,Reddit,product quality,The product quality on this product is top-notch. Best in class.,positive,38,12,2,-89,9.02,False,3,0
MEN_0015,2024-03-14,Facebook,user experience,Disappointed with the user experience. Expected much better quality.,negative,119,20,17,-9,6.33,True,2,0
MEN_0016,2023-12-12,LinkedIn,product quality,Disappointed with the product quality. Expected much better quality.,negative,71,25,9,1734,9.11,False,0,3
MEN_0017,2024-08-25,Twitter,user experience,Great experience with their user experience. Customer for life!,positive,73,9,8,245,7.22,False,2,3
MEN_0018,2024-05-29,YouTube,user experience,The user experience on this product is top-notch. Best in class.,positive,156,36,19,1648,8.63,True,4,1
MEN_0019,2023-10-22,Facebook,product quality,Shoutout to the team for excellent product quality. Keep it up!,positive,66,11,10,580,1.83,False,0,2
MEN_0020,2023-10-07,Twitter,delivery,The delivery is standard for the industry. Fair enough.,neutral,45,9,2,898,8.41,False,2,3
MEN_0021,2024-11-10,Reddit,user experience,Great experience with their user experience. Customer for life!,positive,32,8,4,377,5.93,True,5,1
MEN_0022,2024-08-13,Instagram,features,The features is standard for the industry. Fair enough.,neutral,57,16,9,646,8.67,False,4,0
MEN_0023,2024-06-18,LinkedIn,user experience,Having issues with user experience again. This is frustrating.,negative,43,13,4,-887,4.92,False,0,1
MEN_0024,2024-02-27,Facebook,competitor comparison,The competitor comparison needs serious improvement. Not worth the price.,negative,122,20,10,803,2.35,True,1,2
MEN_0025,2024-04-20,Instagram,support,The support is standard for the industry. Fair enough.,neutral,94,10,6,1312,2.23,False,2,1
MEN_0026,2024-10-21,Twitter,innovation,The innovation seems okay. Nothing special but works.,neutral,71,8,9,1037,8.8,False,2,0
MEN_0027,2024-02-11,YouTube,pricing,Shoutout to the team for excellent pricing. Keep it up!,positive,240,91,30,1924,8.46,False,2,3
MEN_0028,2023-04-03,LinkedIn,delivery,The delivery on this product is top-notch. Best in class.,positive,44,12,4,-349,7.74,False,3,1
MEN_0029,2023-05-28,Twitter,pricing,The pricing on this product is top-notch. Best in class.,positive,86,15,11,923,5.41,False,5,0
MEN_0030,2023-11-21,Reddit,reliability,Having issues with reliability again. This is frustrating.,negative,97,35,18,-483,4.27,False,2,0
MEN_0031,2024-10-22,Reddit,product quality,The product quality seems okay. Nothing special but works.,neutral,30,10,2,-274,5.97,False,5,2
MEN_0032,2024-12-02,Twitter,support,The support is standard for the industry. Fair enough.,neutral,43,16,4,1310,9.8,False,2,0
MEN_0033,2023-08-30,Facebook,features,"Average features experience. Could be better, could be worse.",neutral,59,17,10,1312,7.9,False,0,2
MEN_0034,2023-03-24,Instagram,innovation,"Neutral on the innovation. Some good, some bad aspects.",neutral,100,36,17,1243,8.42,False,4,0
MEN_0035,2023-12-27,Instagram,delivery,Mixed feelings about delivery. Will monitor updates.,neutral,102,24,5,1173,1.47,False,5,3
MEN_0036,2024-10-18,LinkedIn,product quality,The product quality needs serious improvement. Not worth the price.,negative,58,7,4,-395,5.65,False,4,3
MEN_0037,2023-11-24,Instagram,innovation,"Average innovation experience. Could be better, could be worse.",neutral,57,17,9,199,8.2,False,0,3
MEN_0038,2024-01-12,LinkedIn,reliability,Mixed feelings about reliability. Will monitor updates.,neutral,20,7,3,52,6.82,False,0,3
MEN_0039,2023-07-23,Facebook,pricing,Shoutout to the team for excellent pricing. Keep it up!,positive,68,12,4,320,4.31,False,0,0
MEN_0040,2024-06-22,Instagram,innovation,The innovation is standard for the industry. Fair enough.,neutral,43,13,3,254,8.76,False,2,3
MEN_0041,2024-01-27,LinkedIn,reliability,Mixed feelings about reliability. Will monitor updates.,neutral,19,6,3,839,2.7,False,3,1
MEN_0042,2023-01-30,Facebook,competitor comparison,Great experience with their competitor comparison. Customer for life!,positive,111,23,16,839,5.12,True,3,1
MEN_0043,2023-11-28,YouTube,reliability,The reliability is standard for the industry. Fair enough.,neutral,125,40,11,1079,1.86,True,0,2
MEN_0044,2023-08-29,Instagram,user experience,Mixed feelings about user experience. Will monitor updates.,neutral,100,34,5,1369,5.54,False,2,3
MEN_0045,2024-11-18,Facebook,pricing,Mixed feelings about pricing. Will monitor updates.,neutral,17,2,1,-539,5.44,False,3,1
MEN_0046,2023-04-02,Facebook,support,The support needs serious improvement. Not worth the price.,negative,54,6,3,119,8.85,False,5,2
MEN_0047,2024-03-16,Facebook,competitor comparison,The competitor comparison needs serious improvement. Not worth the price.,negative,102,23,7,651,7.63,False,1,3
MEN_0048,2023-02-24,LinkedIn,pricing,Just tried their pricing and it's amazing. Highly recommend!,positive,24,4,3,267,4.93,False,0,3
MEN_0049,2024-01-01,YouTube,support,Bad experience with support. Looking for alternatives now.,negative,133,42,9,1157,4.15,False,2,1
MEN_0050,2023-06-22,YouTube,support,Mixed feelings about support. Will monitor updates.,neutral,146,40,20,1303,9.74,False,4,1
MEN_0051,2024-03-02,Twitter,features,The features seems okay. Nothing special but works.,neutral,73,7,11,397,7.13,False,2,0
MEN_0052,2023-11-28,LinkedIn,product quality,Great experience with their product quality. Customer for life!,positive,53,20,7,-5,1.05,True,5,3
MEN_0053,2023-11-29,YouTube,delivery,Love the new delivery update! Really impressed with how they handled this.,positive,255,47,43,2854,7.69,False,4,3
MEN_0054,2023-04-05,Instagram,competitor comparison,Great experience with their competitor comparison. Customer for life!,positive,76,27,5,591,8.02,False,5,1
MEN_0055,2023-05-04,Facebook,innovation,"Neutral on the innovation. Some good, some bad aspects.",neutral,59,16,6,899,1.87,False,4,1
MEN_0056,2024-05-16,Instagram,reliability,Why is the reliability still not fixed? Very disappointed.,negative,224,28,25,1684,4.31,False,3,3
MEN_0057,2023-04-06,Twitter,support,Great experience with their support. Customer for life!,positive,113,33,17,797,9.38,False,5,0
MEN_0058,2023-10-25,Instagram,reliability,Great experience with their reliability. Customer for life!,positive,114,45,17,1029,3.7,False,4,3
MEN_0059,2023-10-30,Reddit,product quality,Disappointed with the product quality. Expected much better quality.,negative,63,15,7,566,5.18,False,2,2
MEN_0060,2023-09-18,Reddit,customer service,The customer service seems okay. Nothing special but works.,neutral,13,3,1,507,2.64,False,0,0
MEN_0061,2024-03-02,YouTube,competitor comparison,Great experience with their competitor comparison. Customer for life!,positive,245,57,41,2234,4.07,False,1,1
MEN_0062,2023-03-22,YouTube,delivery,Love the new delivery update! Really impressed with how they handled this.,positive,172,18,18,2093,1.12,False,3,3
MEN_0063,2024-11-04,YouTube,delivery,"Neutral on the delivery. Some good, some bad aspects.",neutral,114,44,11,1327,7.06,False,2,0
MEN_0064,2023-05-09,LinkedIn,product quality,Love the new product quality update! Really impressed with how they handled this.,positive,69,10,3,636,5.33,False,5,1
MEN_0065,2024-03-22,YouTube,support,The support on this product is top-notch. Best in class.,positive,248,35,28,2004,2.05,False,5,3
MEN_0066,2024-05-11,Instagram,product quality,Mixed feelings about product quality. Will monitor updates.,neutral,55,10,9,928,4.53,False,0,0
MEN_0067,2024-10-07,YouTube,reliability,The reliability is standard for the industry. Fair enough.,neutral,128,35,17,816,3.62,False,3,3
MEN_0068,2024-06-09,Reddit,delivery,The delivery is standard for the industry. Fair enough.,neutral,16,1,0,149,6.19,False,0,2
MEN_0069,2024-10-25,Instagram,innovation,Shoutout to the team for excellent innovation. Keep it up!,positive,229,46,35,2263,1.19,False,5,1
MEN_0070,2024-04-25,Facebook,innovation,Just tried their innovation and it's amazing. Highly recommend!,positive,82,25,15,716,8.68,False,1,2
MEN_0071,2024-12-29,Instagram,reliability,"Neutral on the reliability. Some good, some bad aspects.",neutral,108,36,19,885,6.6,False,5,0
MEN_0072,2024-11-14,Instagram,pricing,Just tried their pricing and it's amazing. Highly recommend!,positive,169,22,18,1278,9.94,False,1,1
MEN_0073,2024-07-24,Twitter,product quality,The product quality on this product is top-notch. Best in class.,positive,77,11,13,-38,9.05,True,0,2
MEN_0074,2024-03-16,Twitter,delivery,Shoutout to the team for excellent delivery. Keep it up!,positive,62,10,6,1321,4.2,True,4,2
MEN_0075,2023-06-04,YouTube,support,Disappointed with the support. Expected much better quality.,negative,311,117,35,2864,5.11,True,0,0
MEN_0076,2024-07-29,Twitter,support,Love the new support update! Really impressed with how they handled this.,positive,135,50,9,1285,3.63,False,4,3
MEN_0077,2023-04-12,LinkedIn,user experience,Just tried their user experience and it's amazing. Highly recommend!,positive,30,4,5,232,7.92,True,1,3
MEN_0078,2023-12-16,Facebook,support,The support on this product is top-notch. Best in class.,positive,63,20,6,1177,6.98,False,4,3
MEN_0079,2023-08-22,LinkedIn,reliability,Bad experience with reliability. Looking for alternatives now.,negative,110,42,14,2066,7.14,True,3,1
MEN_0080,2023-01-11,YouTube,support,The support seems okay. Nothing special but works.,neutral,80,17,13,879,4.91,False,0,1
MEN_0081,2024-08-11,Twitter,support,The support is standard for the industry. Fair enough.,neutral,44,13,5,361,3.74,False,2,0
MEN_0082,2023-10-14,Reddit,delivery,The delivery is standard for the industry. Fair enough.,neutral,23,3,3,-331,8.1,False,5,2
MEN_0083,2024-10-26,Instagram,features,The features seems okay. Nothing special but works.,neutral,35,7,5,-371,7.66,False,4,2
MEN_0084,2023-08-07,Twitter,support,Why is the support still not fixed? Very disappointed.,negative,101,29,5,123,9.01,False,4,2
MEN_0085,2023-09-05,Facebook,reliability,The reliability seems okay. Nothing special but works.,neutral,51,17,4,112,5.57,True,0,0
MEN_0086,2024-04-04,Facebook,delivery,The delivery is standard for the industry. Fair enough.,neutral,32,5,5,-725,6.23,False,4,1
MEN_0087,2023-12-25,Facebook,competitor comparison,Mixed feelings about competitor comparison. Will monitor updates.,neutral,48,15,6,1019,3.23,False,4,1
MEN_0088,2024-01-05,Instagram,customer service,Great experience with their customer service. Customer for life!,positive,209,26,12,2301,9.0,False,1,3
MEN_0089,2023-03-21,Facebook,support,Why is the support still not fixed? Very disappointed.,negative,102,22,9,894,5.49,False,3,3
MEN_0090,2024-03-02,LinkedIn,pricing,Bad experience with pricing. Looking for alternatives now.,negative,94,13,14,1494,8.77,True,5,1
MEN_0091,2024-04-11,Instagram,product quality,Mixed feelings about product quality. Will monitor updates.,neutral,67,25,9,134,4.68,True,2,2
MEN_0092,2023-02-11,Reddit,pricing,The pricing on this product is top-notch. Best in class.,positive,74,14,9,330,8.12,False,4,3
MEN_0093,2023-02-19,Facebook,competitor comparison,Great experience with their competitor comparison. Customer for life!,positive,30,7,1,-666,1.4,False,4,2
MEN_0094,2024-08-02,Instagram,user experience,The user experience is standard for the industry. Fair enough.,neutral,112,39,7,1507,2.25,False,3,3
MEN_0095,2023-06-02,YouTube,user experience,Shoutout to the team for excellent user experience. Keep it up!,positive,224,49,19,1834,4.56,False,0,3
MEN_0096,2023-10-12,YouTube,customer service,The customer service seems okay. Nothing special but works.,neutral,108,36,16,1087,6.05,True,5,0
MEN_0097,2023-07-17,Reddit,support,Disappointed with the support. Expected much better quality.,negative,96,24,15,1461,5.52,True,0,1
MEN_0098,2023-01-20,Facebook,features,Shoutout to the team for excellent features. Keep it up!,positive,69,23,9,1375,4.62,True,3,0
MEN_0099,2023-12-15,Instagram,pricing,Why is the pricing still not fixed? Very disappointed.,negative,156,27,10,1545,1.89,False,2,1
MEN_0100,2023-07-07,Facebook,customer service,Great experience with their customer service. Customer for life!,positive,91,10,17,1102,2.63,True,2,3
MEN_0101,2023-04-12,Facebook,pricing,The pricing needs serious improvement. Not worth the price.,negative,70,26,12,248,1.47,False,4,1
MEN_0102,2024-05-19,Reddit,support,Love the new support update! Really impressed with how they handled this.,positive,33,6,4,1171,1.59,True,3,1
MEN_0103,2023-01-20,Facebook,support,The support seems okay. Nothing special but works.,neutral,27,7,4,186,3.74,False,3,0
MEN_0104,2024-10-13,Reddit,features,"Average features experience. Could be better, could be worse.",neutral,21,8,3,250,5.84,False,4,3
MEN_0105,2023-02-12,Twitter,innovation,Mixed feelings about innovation. Will monitor updates.,neutral,37,14,1,166,9.4,False,2,2
MEN_0106,2024-11-27,Instagram,user experience,"Average user experience experience. Could be better, could be worse.",neutral,88,22,5,1479,7.65,False,0,2
MEN_0107,2023-04-02,Instagram,customer service,Mixed feelings about customer service. Will monitor updates.,neutral,127,46,10,1369,5.54,False,5,2
MEN_0108,2024-10-12,Facebook,innovation,The innovation on this product is top-notch. Best in class.,positive,60,14,8,980,1.14,False,5,0
MEN_0109,2024-09-15,Instagram,product quality,"Average product quality experience. Could be better, could be worse.",neutral,71,26,11,886,7.86,False,0,0
MEN_0110,2024-07-05,Twitter,innovation,"Neutral on the innovation. Some good, some bad aspects.",neutral,78,16,10,669,4.48,True,0,3
MEN_0111,2024-01-15,LinkedIn,innovation,Love the new innovation update! Really impressed with how they handled this.,positive,73,22,11,1194,2.72,False,5,2
MEN_0112,2023-08-15,LinkedIn,innovation,The innovation seems okay. Nothing special but works.,neutral,22,8,3,392,2.88,False,5,3
MEN_0113,2023-04-24,Facebook,delivery,Having issues with delivery again. This is frustrating.,negative,106,31,14,579,7.14,False,1,0
MEN_0114,2024-08-25,LinkedIn,customer service,Shoutout to the team for excellent customer service. Keep it up!,positive,80,29,12,305,3.47,True,5,2
MEN_0115,2024-11-28,Reddit,innovation,Great experience with their innovation. Customer for life!,positive,54,20,3,614,9.45,False,3,2
MEN_0116,2023-05-05,YouTube,support,The support needs serious improvement. Not worth the price.,negative,255,28,40,3003,1.42,False,4,3
MEN_0117,2023-11-20,Twitter,reliability,Love the new reliability update! Really impressed with how they handled this.,positive,136,46,27,2179,3.03,False,0,1
MEN_0118,2023-07-21,LinkedIn,user experience,Love the new user experience update! Really impressed with how they handled this.,positive,24,5,1,-648,8.17,False,2,1
MEN_0119,2023-04-21,Instagram,features,The features seems okay. Nothing special but works.,neutral,110,28,9,1112,1.66,False,4,3
MEN_0120,2023-04-08,YouTube,innovation,Disappointed with the innovation. Expected much better quality.,negative,392,147,41,4164,9.01,True,1,0
MEN_0121,2024-03-28,Twitter,competitor comparison,Bad experience with competitor comparison. Looking for alternatives now.,negative,59,17,7,737,3.65,False,3,0
MEN_0122,2024-09-24,Instagram,features,Mixed feelings about features. Will monitor updates.,neutral,33,7,5,834,8.92,False,0,2
MEN_0123,2024-10-28,YouTube,product quality,The product quality needs serious improvement. Not worth the price.,negative,276,36,14,3087,7.42,False,1,1
MEN_0124,2024-10-14,Reddit,competitor comparison,Great experience with their competitor comparison. Customer for life!,positive,59,13,5,97,8.17,True,1,2
MEN_0125,2024-08-21,Instagram,support,"Neutral on the support. Some good, some bad aspects.",neutral,61,22,10,102,2.33,False,4,2
MEN_0126,2023-10-26,Facebook,product quality,Having issues with product quality again. This is frustrating.,negative,46,11,8,616,8.73,False,2,1
MEN_0127,2023-07-25,YouTube,features,"Neutral on the features. Some good, some bad aspects.",neutral,62,15,9,1115,5.21,False,4,2
MEN_0128,2024-09-22,Facebook,reliability,Love the new reliability update! Really impressed with how they handled this.,positive,70,23,3,771,2.97,True,5,1
MEN_0129,2024-12-10,LinkedIn,innovation,Having issues with innovation again. This is frustrating.,negative,73,24,12,-58,8.27,False,1,3
MEN_0130,2023-07-08,Twitter,user experience,The user experience on this product is top-notch. Best in class.,positive,40,5,3,-123,2.75,False,2,0
MEN_0131,2023-01-31,LinkedIn,features,Just tried their features and it's amazing. Highly recommend!,positive,82,25,8,1165,5.99,False,1,0
MEN_0132,2023-06-30,Facebook,customer service,Just tried their customer service and it's amazing. Highly recommend!,positive,64,21,4,465,9.43,False,3,1
MEN_0133,2024-01-14,Facebook,pricing,Mixed feelings about pricing. Will monitor updates.,neutral,58,21,3,638,2.3,False,1,1
MEN_0134,2024-06-29,Instagram,user experience,Great experience with their user experience. Customer for life!,positive,235,40,13,2882,6.54,False,4,2
MEN_0135,2023-06-02,Facebook,features,The features on this product is top-notch. Best in class.,positive,108,38,21,478,8.97,False,5,0
MEN_0136,2024-04-26,YouTube,delivery,Shoutout to the team for excellent delivery. Keep it up!,positive,162,59,26,1412,4.37,False,3,1
MEN_0137,2023-11-26,YouTube,user experience,Bad experience with user experience. Looking for alternatives now.,negative,314,78,28,2878,4.61,False,5,0
MEN_0138,2023-08-01,LinkedIn,features,Having issues with features again. This is frustrating.,negative,65,12,11,827,6.14,False,2,0
MEN_0139,2023-05-18,Twitter,competitor comparison,The competitor comparison needs serious improvement. Not worth the price.,negative,84,9,10,1226,4.03,False,3,3
MEN_0140,2024-02-23,Facebook,innovation,Great experience with their innovation. Customer for life!,positive,32,7,2,-420,1.68,True,2,0
MEN_0141,2023-10-11,LinkedIn,customer service,The customer service on this product is top-notch. Best in class.,positive,25,4,1,247,3.96,False,5,2
MEN_0142,2023-07-15,YouTube,delivery,Mixed feelings about delivery. Will monitor updates.,neutral,149,15,14,1924,8.4,False,3,0
MEN_0143,2024-04-28,YouTube,support,"Average support experience. Could be better, could be worse.",neutral,143,24,22,502,2.89,False,4,3
MEN_0144,2024-04-17,Facebook,customer service,Just tried their customer service and it's amazing. Highly recommend!,positive,68,26,7,647,4.95,False,0,2
MEN_0145,2023-05-23,Reddit,pricing,Love the new pricing update! Really impressed with how they handled this.,positive,46,13,4,-147,3.03,False,5,3
MEN_0146,2024-12-08,Reddit,competitor comparison,Love the new competitor comparison update! Really impressed with how they handled this.,positive,50,5,3,179,9.8,False,4,3
MEN_0147,2024-01-26,LinkedIn,reliability,Great experience with their reliability. Customer for life!,positive,35,4,4,-902,5.06,False,0,1
MEN_0148,2023-04-17,YouTube,support,Shoutout to the team for excellent support. Keep it up!,positive,184,28,11,2536,9.67,False,1,1
MEN_0149,2023-10-26,YouTube,support,Love the new support update! Really impressed with how they handled this.,positive,157,16,15,1392,9.19,False,1,0
MEN_0150,2023-05-13,Reddit,reliability,Disappointed with the reliability. Expected much better quality.,negative,54,20,4,136,8.83,False,3,3
MEN_0151,2023-06-12,Reddit,delivery,Mixed feelings about delivery. Will monitor updates.,neutral,16,5,1,324,2.82,False,3,0
MEN_0152,2024-02-13,Reddit,features,Why is the features still not fixed? Very disappointed.,negative,90,21,12,378,7.64,False,5,3
MEN_0153,2023-12-22,YouTube,competitor comparison,Just tried their competitor comparison and it's amazing. Highly recommend!,positive,168,25,23,1111,4.89,False,5,1
MEN_0154,2024-12-16,Reddit,customer service,Love the new customer service update! Really impressed with how they handled this.,positive,32,11,2,1075,6.65,False,5,0
MEN_0155,2024-12-15,YouTube,features,The features is standard for the industry. Fair enough.,neutral,159,42,31,2494,1.69,True,4,2
MEN_0156,2024-02-24,Instagram,pricing,Shoutout to the team for excellent pricing. Keep it up!,positive,68,7,9,383,7.08,False,3,2
MEN_0157,2024-02-13,LinkedIn,reliability,The reliability on this product is top-notch. Best in class.,positive,30,11,2,833,7.74,False,3,0
MEN_0158,2023-03-26,Reddit,features,The features is standard for the industry. Fair enough.,neutral,14,4,2,318,2.54,True,4,0
MEN_0159,2023-07-01,Facebook,customer service,Bad experience with customer service. Looking for alternatives now.,negative,60,18,3,-106,3.46,False,2,1
MEN_0160,2023-08-10,YouTube,product quality,Mixed feelings about product quality. Will monitor updates.,neutral,65,20,11,185,8.3,True,3,2
MEN_0161,2024-03-30,Twitter,delivery,Great experience with their delivery. Customer for life!,positive,123,46,13,2005,3.15,True,0,3
MEN_0162,2023-01-29,Twitter,user experience,The user experience seems okay. Nothing special but works.,neutral,33,12,5,-383,8.47,False,5,1
MEN_0163,2023-02-15,Instagram,support,The support on this product is top-notch. Best in class.,positive,118,33,16,2320,9.41,False,3,0
MEN_0164,2023-08-26,LinkedIn,customer service,Just tried their customer service and it's amazing. Highly recommend!,positive,23,6,1,-55,2.91,False,0,2
MEN_0165,2024-10-27,Reddit,user experience,Just tried their user experience and it's amazing. Highly recommend!,positive,41,13,5,1200,9.91,False,4,1
MEN_0166,2023-09-15,Twitter,delivery,Great experience with their delivery. Customer for life!,positive,113,44,17,977,3.99,False,5,3
MEN_0167,2023-03-11,Facebook,product quality,Why is the product quality still not fixed? Very disappointed.,negative,93,23,14,1329,5.53,True,1,0
MEN_0168,2024-09-23,Twitter,competitor comparison,Great experience with their competitor comparison. Customer for life!,positive,122,34,7,1917,4.37,False,1,1
MEN_0169,2024-01-20,LinkedIn,product quality,Shoutout to the team for excellent product quality. Keep it up!,positive,89,20,16,1584,2.21,False,5,0
MEN_0170,2024-06-17,Instagram,competitor comparison,"Average competitor comparison experience. Could be better, could be worse.",neutral,113,22,9,837,5.85,False,5,1
MEN_0171,2024-09-14,Instagram,support,Great experience with their support. Customer for life!,positive,173,20,21,1301,9.58,True,5,1
MEN_0172,2023-07-29,LinkedIn,customer service,Shoutout to the team for excellent customer service. Keep it up!,positive,78,29,6,739,1.7,False,2,1
MEN_0173,2023-07-22,LinkedIn,reliability,Just tried their reliability and it's amazing. Highly recommend!,positive,42,11,8,-230,2.81,False,0,2
MEN_0174,2024-02-12,Instagram,pricing,Bad experience with pricing. Looking for alternatives now.,negative,201,64,32,2129,8.38,False,0,3
MEN_0175,2024-03-13,Twitter,competitor comparison,Having issues with competitor comparison again. This is frustrating.,negative,132,20,14,909,3.75,False,3,3
MEN_0176,2023-03-15,Facebook,pricing,"Average pricing experience. Could be better, could be worse.",neutral,23,3,1,771,5.51,False,3,3
MEN_0177,2024-03-01,Instagram,user experience,The user experience on this product is top-notch. Best in class.,positive,175,48,19,1464,1.35,True,3,1
MEN_0178,2023-07-18,Instagram,competitor comparison,"Neutral on the competitor comparison. Some good, some bad aspects.",neutral,80,19,12,-71,7.27,False,3,1
MEN_0179,2023-09-06,Instagram,product quality,"Neutral on the product quality. Some good, some bad aspects.",neutral,92,27,14,1620,6.81,False,4,3
MEN_0180,2024-11-28,LinkedIn,competitor comparison,Shoutout to the team for excellent competitor comparison. Keep it up!,positive,86,30,4,951,7.94,False,3,0
MEN_0181,2024-06-14,LinkedIn,reliability,Great experience with their reliability. Customer for life!,positive,39,7,7,404,6.93,False,4,2
MEN_0182,2024-02-26,YouTube,customer service,Shoutout to the team for excellent customer service. Keep it up!,positive,249,50,17,3037,7.74,False,5,2
MEN_0183,2023-01-07,LinkedIn,innovation,Love the new innovation update! Really impressed with how they handled this.,positive,74,16,8,1175,3.6,False,1,1
MEN_0184,2024-01-19,LinkedIn,pricing,Just tried their pricing and it's amazing. Highly recommend!,positive,56,7,7,179,2.91,False,0,1
MEN_0185,2023-07-16,Facebook,reliability,Why is the reliability still not fixed? Very disappointed.,negative,53,15,3,305,1.77,True,2,0
MEN_0186,2023-12-17,Twitter,delivery,Great experience with their delivery. Customer for life!,positive,113,14,6,573,7.77,True,5,0
MEN_0187,2023-04-10,LinkedIn,support,The support is standard for the industry. Fair enough.,neutral,33,13,5,-402,9.39,False,2,3
MEN_0188,2023-12-11,Facebook,user experience,"Average user experience experience. Could be better, could be worse.",neutral,61,18,6,899,1.52,False,2,0
MEN_0189,2023-01-04,Instagram,reliability,"Average reliability experience. Could be better, could be worse.",neutral,34,4,4,536,9.56,False,2,3
MEN_0190,2024-09-25,YouTube,innovation,Having issues with innovation again. This is frustrating.,negative,100,29,19,1380,3.9,False,0,2
MEN_0191,2024-11-25,Instagram,features,Bad experience with features. Looking for alternatives now.,negative,257,86,26,3210,9.45,False,5,0
MEN_0192,2024-01-30,Facebook,delivery,Just tried their delivery and it's amazing. Highly recommend!,positive,108,39,18,1467,7.45,True,1,3
MEN_0193,2023-03-31,Facebook,support,The support is standard for the industry. Fair enough.,neutral,24,5,1,671,6.96,False,1,1
MEN_0194,2023-06-24,YouTube,customer service,Love the new customer service update! Really impressed with how they handled this.,positive,111,42,20,71,7.9,False,5,2
MEN_0195,2024-11-12,Instagram,customer service,Mixed feelings about customer service. Will monitor updates.,neutral,92,22,15,766,4.0,False,4,0
MEN_0196,2024-10-21,Facebook,reliability,The reliability is standard for the industry. Fair enough.,neutral,47,15,9,952,4.93,False,1,2
MEN_0197,2023-04-29,Facebook,customer service,The customer service on this product is top-notch. Best in class.,positive,96,36,15,375,2.04,False,1,2
MEN_0198,2024-01-25,Reddit,product quality,Shoutout to the team for excellent product quality. Keep it up!,positive,48,16,9,525,3.88,False,5,1
MEN_0199,2024-06-16,YouTube,delivery,Disappointed with the delivery. Expected much better quality.,negative,218,57,25,2439,2.3,False,1,3
MEN_0200,2024-11-27,Instagram,pricing,Having issues with pricing again. This is frustrating.,negative,259,91,45,2811,1.31,False,2,0
MEN_0201,2023-10-08,YouTube,delivery,Having issues with delivery again. This is frustrating.,negative,248,77,26,2664,9.83,False,1,1
MEN_0202,2023-08-19,YouTube,product quality,"Average product quality experience. Could be better, could be worse.",neutral,142,45,13,1719,8.34,False,0,3
MEN_0203,2023-12-12,Instagram,innovation,The innovation is standard for the industry. Fair enough.,neutral,69,17,6,780,7.27,False,5,3
MEN_0204,2023-04-10,LinkedIn,user experience,Mixed feelings about user experience. Will monitor updates.,neutral,43,4,8,-301,3.74,False,4,1
MEN_0205,2024-03-28,YouTube,innovation,Just tried their innovation and it's amazing. Highly recommend!,positive,122,41,9,1473,6.86,False,5,0
MEN_0206,2024-11-25,LinkedIn,reliability,The reliability is standard for the industry. Fair enough.,neutral,36,5,2,502,4.2,False,1,0
MEN_0207,2023-05-01,Reddit,user experience,Having issues with user experience again. This is frustrating.,negative,72,15,3,-4,3.17,False,2,1
MEN_0208,2024-10-30,YouTube,reliability,The reliability seems okay. Nothing special but works.,neutral,133,47,19,2019,3.48,False,2,0
MEN_0209,2023-05-03,Twitter,customer service,Shoutout to the team for excellent customer service. Keep it up!,positive,62,17,12,886,5.32,True,4,1
MEN_0210,2024-01-29,Instagram,reliability,Just tried their reliability and it's amazing. Highly recommend!,positive,77,9,14,79,8.16,False,3,0
MEN_0211,2024-02-08,Reddit,support,Mixed feelings about support. Will monitor updates.,neutral,24,6,3,-168,7.42,True,1,0
MEN_0212,2023-07-05,Reddit,pricing,Great experience with their pricing. Customer for life!,positive,63,8,4,347,2.86,False,0,2
MEN_0213,2023-02-05,Twitter,customer service,The customer service needs serious improvement. Not worth the price.,negative,194,29,38,1657,6.92,False,2,0
MEN_0214,2024-06-15,Facebook,support,Why is the support still not fixed? Very disappointed.,negative,98,19,18,1126,9.97,False,4,1
MEN_0215,2024-12-05,Twitter,product quality,Just tried their product quality and it's amazing. Highly recommend!,positive,53,18,4,41,2.21,False,1,2
MEN_0216,2023-10-12,LinkedIn,delivery,Why is the delivery still not fixed? Very disappointed.,negative,52,11,9,1084,4.6,True,2,3
MEN_0217,2024-12-12,LinkedIn,support,The support on this product is top-notch. Best in class.,positive,89,27,7,1412,4.35,False,4,1
MEN_0218,2024-03-05,LinkedIn,user experience,The user experience is standard for the industry. Fair enough.,neutral,25,9,2,559,3.43,False,0,3
MEN_0219,2023-03-09,Facebook,customer service,The customer service on this product is top-notch. Best in class.,positive,100,14,16,1022,3.46,True,3,1
MEN_0220,2024-01-23,Twitter,customer service,The customer service on this product is top-notch. Best in class.,positive,103,35,6,1498,4.14,False,2,2
MEN_0221,2024-09-14,Twitter,product quality,Great experience with their product quality. Customer for life!,positive,57,19,8,432,8.1,False,4,3
MEN_0222,2024-05-03,Reddit,pricing,Shoutout to the team for excellent pricing. Keep it up!,positive,58,17,4,217,6.11,False,0,2
MEN_0223,2024-12-25,LinkedIn,delivery,Bad experience with delivery. Looking for alternatives now.,negative,46,18,7,1055,5.52,False,3,1
MEN_0224,2023-11-09,YouTube,customer service,The customer service is standard for the industry. Fair enough.,neutral,132,46,19,1478,1.69,False,0,1
MEN_0225,2024-08-12,Twitter,customer service,Mixed feelings about customer service. Will monitor updates.,neutral,75,25,3,407,9.54,False,5,1
MEN_0226,2024-05-06,Instagram,support,Mixed feelings about support. Will monitor updates.,neutral,98,21,13,771,9.2,True,5,3
MEN_0227,2024-12-20,Reddit,user experience,Shoutout to the team for excellent user experience. Keep it up!,positive,57,6,6,201,2.52,False,1,1
MEN_0228,2023-03-18,Facebook,pricing,Disappointed with the pricing. Expected much better quality.,negative,90,19,9,1911,2.02,False,4,0
MEN_0229,2023-10-25,Facebook,innovation,Just tried their innovation and it's amazing. Highly recommend!,positive,30,8,3,302,9.31,False,0,3
MEN_0230,2024-09-24,Instagram,product quality,Shoutout to the team for excellent product quality. Keep it up!,positive,142,26,9,1498,4.15,False,3,2
MEN_0231,2023-01-10,Twitter,reliability,Disappointed with the reliability. Expected much better quality.,negative,129,47,14,1650,9.22,True,1,2
MEN_0232,2023-08-20,Instagram,reliability,The reliability on this product is top-notch. Best in class.,positive,137,21,23,762,1.98,False,5,3
MEN_0233,2023-06-15,LinkedIn,user experience,The user experience seems okay. Nothing special but works.,neutral,24,8,1,788,2.71,True,1,3
MEN_0234,2024-03-07,YouTube,user experience,"Average user experience experience. Could be better, could be worse.",neutral,119,45,23,886,9.85,True,3,3
MEN_0235,2024-07-17,Instagram,pricing,Great experience with their pricing. Customer for life!,positive,150,56,26,2415,4.5,True,0,0
MEN_0236,2023-05-10,LinkedIn,user experience,Having issues with user experience again. This is frustrating.,negative,34,11,3,183,6.37,True,3,3
MEN_0237,2023-10-24,Facebook,innovation,Great experience with their innovation. Customer for life!,positive,52,7,6,1038,3.25,True,2,1
MEN_0238,2024-11-13,Instagram,features,Disappointed with the features. Expected much better quality.,negative,248,62,19,1231,9.93,False,5,1
MEN_0239,2023-08-23,Twitter,pricing,The pricing needs serious improvement. Not worth the price.,negative,198,74,22,1392,6.55,True,0,3
MEN_0240,2024-02-22,Reddit,competitor comparison,"Average competitor comparison experience. Could be better, could be worse.",neutral,16,3,0,13,4.84,True,2,0
MEN_0241,2023-10-03,Facebook,competitor comparison,The competitor comparison is standard for the industry. Fair enough.,neutral,27,9,2,-745,1.0,False,1,2
MEN_0242,2024-04-28,Facebook,delivery,Just tried their delivery and it's amazing. Highly recommend!,positive,52,12,5,820,2.0,True,5,1
MEN_0243,2023-12-06,Facebook,user experience,Mixed feelings about user experience. Will monitor updates.,neutral,41,8,6,566,2.89,False,0,0
MEN_0244,2023-05-14,YouTube,delivery,Shoutout to the team for excellent delivery. Keep it up!,positive,292,106,50,2424,2.74,False,0,0
MEN_0245,2024-07-13,Reddit,user experience,Great experience with their user experience. Customer for life!,positive,74,11,11,732,1.39,False,3,2
MEN_0246,2024-07-27,Facebook,user experience,Disappointed with the user experience. Expected much better quality.,negative,149,17,16,1893,9.38,False,0,1
MEN_0247,2024-09-05,Facebook,pricing,Shoutout to the team for excellent pricing. Keep it up!,positive,35,13,2,-701,8.33,False,5,0
MEN_0248,2023-06-19,Instagram,support,Great experience with their support. Customer for life!,positive,132,23,10,683,2.44,False,4,0
MEN_0249,2024-06-09,Instagram,support,Mixed feelings about support. Will monitor updates.,neutral,56,19,5,392,3.42,True,1,1
MEN_0250,2023-02-16,Reddit,features,Just tried their features and it's amazing. Highly recommend!,positive,71,13,4,721,8.86,True,5,1
MEN_0251,2023-08-04,Reddit,customer service,The customer service on this product is top-notch. Best in class.,positive,54,21,5,510,9.52,False,2,1
MEN_0252,2024-02-23,Reddit,competitor comparison,Love the new competitor comparison update! Really impressed with how they handled this.,positive,53,5,5,974,7.57,False,1,2
MEN_0253,2023-01-17,Reddit,delivery,Great experience with their delivery. Customer for life!,positive,71,12,10,948,6.44,False,3,1
MEN_0254,2023-11-29,Facebook,features,Bad experience with features. Looking for alternatives now.,negative,58,9,9,928,4.32,False,0,3
MEN_0255,2023-07-05,Instagram,pricing,"Average pricing experience. Could be better, could be worse.",neutral,50,12,7,-194,6.83,True,2,1
MEN_0256,2023-07-01,Instagram,delivery,Just tried their delivery and it's amazing. Highly recommend!,positive,72,12,13,792,9.73,True,5,1
MEN_0257,2023-01-13,Reddit,customer service,Love the new customer service update! Really impressed with how they handled this.,positive,24,2,4,86,9.41,False,1,0
MEN_0258,2023-10-02,LinkedIn,delivery,Love the new delivery update! Really impressed with how they handled this.,positive,87,11,13,1601,4.05,True,1,1
MEN_0259,2024-05-06,Reddit,innovation,"Neutral on the innovation. Some good, some bad aspects.",neutral,19,2,1,277,7.23,False,0,0
MEN_0260,2023-02-15,Twitter,support,Shoutout to the team for excellent support. Keep it up!,positive,137,30,6,1035,3.02,False,3,3
MEN_0261,2023-05-31,Facebook,competitor comparison,Great experience with their competitor comparison. Customer for life!,positive,91,28,16,1336,5.43,True,1,0
MEN_0262,2023-10-16,Facebook,customer service,Disappointed with the customer service. Expected much better quality.,negative,83,31,5,1111,1.39,False,1,3
MEN_0263,2024-06-27,Facebook,delivery,Great experience with their delivery. Customer for life!,positive,43,12,4,19,8.36,False,0,2
MEN_0264,2024-05-26,YouTube,user experience,The user experience seems okay. Nothing special but works.,neutral,134,48,26,1165,8.0,False,2,1
MEN_0265,2024-02-04,Instagram,innovation,The innovation seems okay. Nothing special but works.,neutral,87,33,7,704,1.81,False,1,3
MEN_0266,2023-12-28,Facebook,innovation,Bad experience with innovation. Looking for alternatives now.,negative,112,32,7,1733,9.5,False,3,3
MEN_0267,2024-07-16,Instagram,support,Why is the support still not fixed? Very disappointed.,negative,208,35,13,2181,7.43,False,4,1
MEN_0268,2024-12-20,Twitter,features,Just tried their features and it's amazing. Highly recommend!,positive,149,15,19,1853,9.62,True,0,2
MEN_0269,2024-01-05,LinkedIn,competitor comparison,Why is the competitor comparison still not fixed? Very disappointed.,negative,117,43,10,923,8.45,True,5,1
MEN_0270,2023-05-01,YouTube,pricing,Love the new pricing update! Really impressed with how they handled this.,positive,231,52,13,2477,1.95,False,0,3
MEN_0271,2024-08-31,LinkedIn,product quality,Just tried their product quality and it's amazing. Highly recommend!,positive,27,3,3,921,8.32,False,1,3
MEN_0272,2023-05-24,YouTube,support,"Neutral on the support. Some good, some bad aspects.",neutral,96,30,11,779,6.8,True,2,0
MEN_0273,2023-06-09,Twitter,product quality,Having issues with product quality again. This is frustrating.,negative,125,12,21,1307,7.12,False,4,2
MEN_0274,2024-08-08,Reddit,competitor comparison,The competitor comparison is standard for the industry. Fair enough.,neutral,37,6,2,-311,4.4,False,5,1
MEN_0275,2024-02-15,Reddit,product quality,Just tried their product quality and it's amazing. Highly recommend!,positive,65,25,9,267,1.69,False,3,2
MEN_0276,2024-10-30,YouTube,reliability,"Average reliability experience. Could be better, could be worse.",neutral,46,9,5,292,3.43,True,0,2
MEN_0277,2024-09-09,Facebook,product quality,Just tried their product quality and it's amazing. Highly recommend!,positive,78,9,10,249,7.81,False,1,1
MEN_0278,2024-10-15,Twitter,features,Shoutout to the team for excellent features. Keep it up!,positive,101,27,17,1670,1.41,False,0,2
MEN_0279,2023-01-09,Facebook,competitor comparison,Mixed feelings about competitor comparison. Will monitor updates.,neutral,25,8,3,-169,9.76,True,2,3
MEN_0280,2024-05-30,Twitter,support,"Average support experience. Could be better, could be worse.",neutral,21,7,2,603,8.82,True,2,1
MEN_0281,2023-06-05,YouTube,innovation,Love the new innovation update! Really impressed with how they handled this.,positive,289,48,23,2983,7.13,False,5,1
MEN_0282,2024-05-28,Reddit,delivery,"Neutral on the delivery. Some good, some bad aspects.",neutral,23,3,2,245,6.61,False,0,3
MEN_0283,2023-09-02,LinkedIn,delivery,Having issues with delivery again. This is frustrating.,negative,81,32,5,1553,1.13,False,4,0
MEN_0284,2024-05-25,Twitter,innovation,The innovation on this product is top-notch. Best in class.,positive,55,10,5,-580,1.8,False,5,3
MEN_0285,2023-09-22,Instagram,competitor comparison,The competitor comparison is standard for the industry. Fair enough.,neutral,94,13,6,841,6.12,True,2,2
MEN_0286,2024-02-15,Instagram,delivery,"Average delivery experience. Could be better, could be worse.",neutral,74,18,10,199,3.82,True,5,3
MEN_0287,2024-06-02,Instagram,competitor comparison,The competitor comparison seems okay. Nothing special but works.,neutral,91,26,14,-70,3.2,False,0,1
MEN_0288,2023-04-18,Facebook,reliability,Great experience with their reliability. Customer for life!,positive,106,17,19,462,7.02,False,3,3
MEN_0289,2024-10-19,Reddit,innovation,Just tried their innovation and it's amazing. Highly recommend!,positive,59,22,11,598,7.91,False,3,2
MEN_0290,2023-03-08,Facebook,user experience,The user experience is standard for the industry. Fair enough.,neutral,26,8,1,-102,5.09,False,1,3
MEN_0291,2023-05-30,YouTube,features,Love the new features update! Really impressed with how they handled this.,positive,297,98,17,3418,8.28,False,3,1
MEN_0292,2023-02-25,LinkedIn,product quality,The product quality is standard for the industry. Fair enough.,neutral,21,6,1,103,1.62,False,0,2
MEN_0293,2024-12-30,Instagram,reliability,The reliability needs serious improvement. Not worth the price.,negative,124,14,22,1077,4.86,False,1,1
MEN_0294,2023-12-24,Instagram,innovation,Having issues with innovation again. This is frustrating.,negative,311,71,58,2949,6.13,True,4,1
MEN_0295,2023-03-21,YouTube,delivery,The delivery needs serious improvement. Not worth the price.,negative,299,103,47,2940,8.43,False,0,1
MEN_0296,2024-04-14,LinkedIn,innovation,The innovation seems okay. Nothing special but works.,neutral,40,12,3,190,7.5,False,1,3
MEN_0297,2024-10-16,Reddit,customer service,Just tried their customer service and it's amazing. Highly recommend!,positive,42,11,3,-5,4.4,False,1,1
MEN_0298,2024-11-26,Reddit,product quality,The product quality on this product is top-notch. Best in class.,positive,19,7,2,684,8.81,False,5,3
MEN_0299,2024-02-28,Instagram,user experience,Shoutout to the team for excellent user experience. Keep it up!,positive,136,53,13,1047,9.34,False,3,2
MEN_0300,2023-07-01,Reddit,delivery,Great experience with their delivery. Customer for life!,positive,40,14,6,208,4.94,False,5,0
MEN_0301,2023-03-31,Twitter,customer service,Why is the customer service still not fixed? Very disappointed.,negative,189,24,30,2104,6.61,False,0,3
MEN_0302,2024-05-30,Reddit,product quality,The product quality is standard for the industry. Fair enough.,neutral,16,5,2,319,2.03,False,0,2
MEN_0303,2024-04-20,Instagram,reliability,The reliability on this product is top-notch. Best in class.,positive,200,50,18,1553,6.93,False,3,1
MEN_0304,2023-01-05,Instagram,product quality,Just tried their product quality and it's amazing. Highly recommend!,positive,202,71,25,2397,7.67,False,2,1
MEN_0305,2024-08-08,Instagram,features,Bad experience with features. Looking for alternatives now.,negative,126,36,21,1528,8.21,False,3,1
MEN_0306,2024-10-13,Instagram,pricing,The pricing needs serious improvement. Not worth the price.,negative,204,47,13,2128,8.21,False,0,3
MEN_0307,2024-10-04,Facebook,support,The support on this product is top-notch. Best in class.,positive,48,6,5,264,6.66,False,1,0
MEN_0308,2024-09-24,YouTube,support,The support seems okay. Nothing special but works.,neutral,108,11,17,876,9.85,False,1,1
MEN_0309,2024-10-30,LinkedIn,competitor comparison,Just tried their competitor comparison and it's amazing. Highly recommend!,positive,71,24,7,609,3.34,True,2,0
MEN_0310,2023-05-28,YouTube,product quality,Why is the product quality still not fixed? Very disappointed.,negative,360,47,68,2984,2.1,False,2,2
MEN_0311,2023-07-04,Twitter,customer service,The customer service needs serious improvement. Not worth the price.,negative,186,30,12,1840,8.16,False,0,3
MEN_0312,2024-10-02,Twitter,features,The features is standard for the industry. Fair enough.,neutral,73,21,8,1176,2.45,False,0,1
MEN_0313,2024-11-06,Reddit,delivery,The delivery seems okay. Nothing special but works.,neutral,39,15,4,828,6.53,False,0,1
MEN_0314,2024-06-18,YouTube,competitor comparison,"Average competitor comparison experience. Could be better, could be worse.",neutral,112,29,14,929,7.85,False,2,0
MEN_0315,2023-08-11,Twitter,user experience,Love the new user experience update! Really impressed with how they handled this.,positive,119,45,10,1722,5.33,True,2,2
MEN_0316,2024-04-23,YouTube,innovation,Bad experience with innovation. Looking for alternatives now.,negative,376,65,29,4712,8.61,False,3,0
MEN_0317,2024-08-20,Reddit,competitor comparison,Just tried their competitor comparison and it's amazing. Highly recommend!,positive,72,17,13,561,4.81,False,2,0
MEN_0318,2024-09-13,Instagram,reliability,The reliability on this product is top-notch. Best in class.,positive,127,36,7,1615,2.51,True,4,2
MEN_0319,2024-08-23,Instagram,competitor comparison,Why is the competitor comparison still not fixed? Very disappointed.,negative,164,17,12,508,3.9,False,2,1
MEN_0320,2023-03-16,LinkedIn,user experience,The user experience on this product is top-notch. Best in class.,positive,30,5,1,-329,3.96,False,4,2
MEN_0321,2023-08-27,Reddit,customer service,Shoutout to the team for excellent customer service. Keep it up!,positive,30,4,4,345,7.45,True,4,3
MEN_0322,2024-11-29,Instagram,user experience,"Average user experience experience. Could be better, could be worse.",neutral,50,17,6,-3,9.91,False,0,0
MEN_0323,2024-04-08,LinkedIn,delivery,Great experience with their delivery. Customer for life!,positive,38,4,2,1399,8.05,False,0,3
MEN_0324,2023-10-19,LinkedIn,reliability,Shoutout to the team for excellent reliability. Keep it up!,positive,84,9,12,1138,1.63,True,3,2
MEN_0325,2023-10-09,Facebook,user experience,Why is the user experience still not fixed? Very disappointed.,negative,132,32,7,1802,3.69,False,3,0
MEN_0326,2024-01-18,Reddit,customer service,Love the new customer service update! Really impressed with how they handled this.,positive,65,9,12,635,8.75,False,1,1
MEN_0327,2023-04-01,LinkedIn,user experience,Mixed feelings about user experience. Will monitor updates.,neutral,47,17,8,-31,3.34,True,0,0
MEN_0328,2023-11-08,Twitter,competitor comparison,Shoutout to the team for excellent competitor comparison. Keep it up!,positive,126,26,19,1000,9.32,False,3,0
MEN_0329,2023-05-10,Facebook,pricing,The pricing is standard for the industry. Fair enough.,neutral,46,13,5,587,3.16,False,5,3
MEN_0330,2023-10-15,Facebook,innovation,The innovation on this product is top-notch. Best in class.,positive,98,30,10,661,8.52,False,5,1
MEN_0331,2024-12-12,Twitter,customer service,The customer service seems okay. Nothing special but works.,neutral,32,9,3,655,4.47,False,0,2
MEN_0332,2023-08-02,Reddit,support,The support needs serious improvement. Not worth the price.,negative,82,15,9,1175,2.39,False,0,1
MEN_0333,2023-08-13,Facebook,reliability,Mixed feelings about reliability. Will monitor updates.,neutral,40,13,3,402,3.5,False,5,2
MEN_0334,2024-08-14,YouTube,customer service,Love the new customer service update! Really impressed with how they handled this.,positive,242,41,44,1507,2.68,True,3,3
MEN_0335,2023-12-27,Facebook,customer service,The customer service seems okay. Nothing special but works.,neutral,33,5,3,1187,4.88,False,0,3
MEN_0336,2023-10-07,Facebook,customer service,Great experience with their customer service. Customer for life!,positive,95,21,8,843,4.62,False,2,3
MEN_0337,2024-06-15,Instagram,customer service,"Average customer service experience. Could be better, could be worse.",neutral,124,20,7,2594,1.32,False,1,0
MEN_0338,2024-06-28,Twitter,competitor comparison,Shoutout to the team for excellent competitor comparison. Keep it up!,positive,116,25,12,1486,2.98,False,3,1
MEN_0339,2023-06-25,LinkedIn,user experience,Why is the user experience still not fixed? Very disappointed.,negative,55,5,4,445,9.17,False,3,2
MEN_0340,2024-12-05,LinkedIn,pricing,Love the new pricing update! Really impressed with how they handled this.,positive,33,6,3,553,9.66,False,3,2
MEN_0341,2023-01-22,LinkedIn,competitor comparison,"Average competitor comparison experience. Could be better, could be worse.",neutral,36,12,5,-649,9.73,False,0,3
MEN_0342,2023-09-11,Instagram,customer service,Love the new customer service update! Really impressed with how they handled this.,positive,162,64,28,2133,5.73,False,1,0
MEN_0343,2023-04-13,Facebook,user experience,The user experience needs serious improvement. Not worth the price.,negative,158,27,19,2863,4.28,True,2,2
MEN_0344,2024-12-28,Facebook,support,Mixed feelings about support. Will monitor updates.,neutral,39,7,4,-654,6.76,False,3,1
MEN_0345,2024-11-06,LinkedIn,user experience,Having issues with user experience again. This is frustrating.,negative,81,25,9,666,2.86,True,1,3
MEN_0346,2024-10-16,Twitter,competitor comparison,Mixed feelings about competitor comparison. Will monitor updates.,neutral,73,17,14,677,5.74,False,5,2
MEN_0347,2023-12-06,Instagram,delivery,The delivery needs serious improvement. Not worth the price.,negative,154,17,19,1977,4.09,False,0,3
MEN_0348,2024-04-10,Reddit,user experience,Love the new user experience update! Really impressed with how they handled this.,positive,46,14,5,1512,2.35,False,4,1
MEN_0349,2023-11-07,Instagram,competitor comparison,The competitor comparison on this product is top-notch. Best in class.,positive,62,6,5,811,6.34,True,3,2
MEN_0350,2023-01-06,Instagram,user experience,The user experience seems okay. Nothing special but works.,neutral,36,5,6,1430,8.07,False,5,1
MEN_0351,2023-03-30,YouTube,competitor comparison,Just tried their competitor comparison and it's amazing. Highly recommend!,positive,172,64,16,1805,1.29,False,1,3
MEN_0352,2024-03-08,Instagram,customer service,"Neutral on the customer service. Some good, some bad aspects.",neutral,89,13,10,1115,8.88,False,1,1
MEN_0353,2023-09-14,LinkedIn,reliability,The reliability needs serious improvement. Not worth the price.,negative,57,10,10,734,5.15,False,3,3
MEN_0354,2023-04-09,LinkedIn,support,The support needs serious improvement. Not worth the price.,negative,75,22,7,1360,4.19,False,3,3
MEN_0355,2024-04-17,Twitter,support,Great experience with their support. Customer for life!,positive,47,6,8,258,8.08,False,4,2
MEN_0356,2023-05-11,Reddit,support,"Neutral on the support. Some good, some bad aspects.",neutral,11,3,0,519,7.03,False,4,3
MEN_0357,2023-02-25,Twitter,product quality,Love the new product quality update! Really impressed with how they handled this.,positive,75,9,7,134,5.33,False,0,0
MEN_0358,2024-08-21,YouTube,support,The support seems okay. Nothing special but works.,neutral,124,31,16,1097,9.71,False,1,1
MEN_0359,2023-11-05,YouTube,competitor comparison,The competitor comparison seems okay. Nothing special but works.,neutral,136,39,10,1041,1.6,False,4,0
MEN_0360,2024-06-16,Twitter,features,Great experience with their features. Customer for life!,positive,40,10,4,443,9.33,False,3,3
MEN_0361,2023-07-08,LinkedIn,support,Shoutout to the team for excellent support. Keep it up!,positive,68,24,9,521,4.89,True,1,1
MEN_0362,2024-11-04,LinkedIn,pricing,Why is the pricing still not fixed? Very disappointed.,negative,48,11,4,1046,1.9,False,3,2
MEN_0363,2024-11-14,Facebook,reliability,Love the new reliability update! Really impressed with how they handled this.,positive,71,24,5,270,3.55,True,4,3
MEN_0364,2023-01-12,Reddit,competitor comparison,Shoutout to the team for excellent competitor comparison. Keep it up!,positive,43,16,4,-435,2.25,False,2,0
MEN_0365,2023-06-12,Facebook,support,Mixed feelings about support. Will monitor updates.,neutral,26,9,3,-418,5.62,False,5,1
MEN_0366,2023-12-27,YouTube,delivery,Just tried their delivery and it's amazing. Highly recommend!,positive,137,45,13,1867,4.55,False,3,3
MEN_0367,2024-09-12,YouTube,pricing,Why is the pricing still not fixed? Very disappointed.,negative,332,85,23,2835,3.92,False,2,3
MEN_0368,2023-03-11,Twitter,product quality,"Average product quality experience. Could be better, could be worse.",neutral,33,9,4,528,7.11,False,1,1
MEN_0369,2023-04-18,LinkedIn,reliability,The reliability is standard for the industry. Fair enough.,neutral,45,5,3,302,1.34,True,3,2
MEN_0370,2024-09-13,YouTube,product quality,"Neutral on the product quality. Some good, some bad aspects.",neutral,52,12,3,932,6.74,False,1,1
MEN_0371,2023-09-16,Instagram,innovation,"Average innovation experience. Could be better, could be worse.",neutral,51,7,8,394,8.28,False,0,0
MEN_0372,2024-10-06,YouTube,customer service,Just tried their customer service and it's amazing. Highly recommend!,positive,275,57,30,4132,5.92,True,2,1
MEN_0373,2024-11-29,YouTube,support,Having issues with support again. This is frustrating.,negative,271,65,27,3659,6.57,False,1,0
MEN_0374,2024-03-25,Instagram,reliability,Mixed feelings about reliability. Will monitor updates.,neutral,39,13,3,232,2.06,False,0,2
MEN_0375,2023-01-24,LinkedIn,competitor comparison,"Neutral on the competitor comparison. Some good, some bad aspects.",neutral,26,5,4,33,2.42,False,0,1
MEN_0376,2024-06-14,Reddit,support,Shoutout to the team for excellent support. Keep it up!,positive,21,6,1,1776,5.24,False,5,0
MEN_0377,2023-02-03,Facebook,reliability,The reliability on this product is top-notch. Best in class.,positive,109,12,8,550,8.35,False,5,0
MEN_0378,2023-08-30,Instagram,customer service,Mixed feelings about customer service. Will monitor updates.,neutral,118,36,19,1152,1.32,True,3,0
MEN_0379,2024-07-18,Instagram,pricing,Love the new pricing update! Really impressed with how they handled this.,positive,78,19,6,791,4.15,False,2,1
MEN_0380,2023-01-22,Twitter,product quality,"Average product quality experience. Could be better, could be worse.",neutral,52,18,7,518,7.64,False,3,0
MEN_0381,2024-02-01,Instagram,pricing,Bad experience with pricing. Looking for alternatives now.,negative,211,28,14,1240,6.54,False,2,1
MEN_0382,2023-12-18,Instagram,product quality,Love the new product quality update! Really impressed with how they handled this.,positive,165,27,26,1898,9.0,False,4,0
MEN_0383,2023-01-16,YouTube,features,The features seems okay. Nothing special but works.,neutral,46,10,4,-25,3.83,False,5,1
MEN_0384,2023-10-27,LinkedIn,delivery,Love the new delivery update! Really impressed with how they handled this.,positive,66,8,12,1377,2.85,False,1,3
MEN_0385,2024-12-31,Facebook,user experience,"Neutral on the user experience. Some good, some bad aspects.",neutral,57,9,10,-157,3.87,False,4,0
MEN_0386,2023-02-25,Facebook,reliability,Mixed feelings about reliability. Will monitor updates.,neutral,39,4,7,419,8.57,False,1,2
MEN_0387,2024-07-20,LinkedIn,customer service,Just tried their customer service and it's amazing. Highly recommend!,positive,24,4,2,-868,7.88,True,0,3
MEN_0388,2023-02-04,Facebook,competitor comparison,The competitor comparison needs serious improvement. Not worth the price.,negative,139,17,12,312,6.49,False,0,3
MEN_0389,2024-01-29,Instagram,product quality,Great experience with their product quality. Customer for life!,positive,93,21,5,510,3.75,False,2,0
MEN_0390,2024-09-15,Facebook,competitor comparison,Mixed feelings about competitor comparison. Will monitor updates.,neutral,26,2,4,-89,6.59,False,5,0
MEN_0391,2023-04-22,Reddit,reliability,"Neutral on the reliability. Some good, some bad aspects.",neutral,35,13,4,1082,6.15,False,4,2
MEN_0392,2023-06-16,Instagram,innovation,"Average innovation experience. Could be better, could be worse.",neutral,44,4,7,419,9.56,True,1,2
MEN_0393,2023-12-12,Reddit,reliability,The reliability on this product is top-notch. Best in class.,positive,39,11,6,1036,8.29,False,0,0
MEN_0394,2023-11-11,Reddit,user experience,"Average user experience experience. Could be better, could be worse.",neutral,23,2,1,40,1.33,False,3,1
MEN_0395,2024-02-23,Twitter,delivery,"Neutral on the delivery. Some good, some bad aspects.",neutral,73,19,14,1033,4.96,False,2,2
MEN_0396,2024-05-21,LinkedIn,features,Having issues with features again. This is frustrating.,negative,108,32,9,717,6.89,False,5,3
MEN_0397,2024-08-16,Facebook,product quality,Having issues with product quality again. This is frustrating.,negative,47,14,4,73,3.32,False,4,0
MEN_0398,2024-09-06,LinkedIn,user experience,Shoutout to the team for excellent user experience. Keep it up!,positive,52,13,4,-390,3.93,False,5,3
MEN_0399,2023-03-15,YouTube,reliability,"Average reliability experience. Could be better, could be worse.",neutral,42,11,4,587,9.78,False,3,2
MEN_0400,2024-09-28,Twitter,pricing,The pricing on this product is top-notch. Best in class.,positive,142,53,7,1551,6.48,False,4,2
MEN_0401,2023-08-09,Instagram,delivery,Just tried their delivery and it's amazing. Highly recommend!,positive,128,51,7,1668,1.7,False,4,3
MEN_0402,2024-07-05,YouTube,customer service,Mixed feelings about customer service. Will monitor updates.,neutral,135,38,20,1457,5.68,False,2,1
MEN_0403,2024-08-12,Facebook,features,The features on this product is top-notch. Best in class.,positive,50,9,9,1513,7.24,False,5,3
MEN_0404,2024-01-06,Twitter,user experience,Disappointed with the user experience. Expected much better quality.,negative,187,55,26,1958,5.04,False,1,1
MEN_0405,2024-07-04,LinkedIn,reliability,"Average reliability experience. Could be better, could be worse.",neutral,33,11,3,825,2.06,False,3,1
MEN_0406,2024-08-12,Instagram,features,The features is standard for the industry. Fair enough.,neutral,33,4,2,167,5.99,False,5,0
MEN_0407,2023-05-10,Twitter,reliability,Just tried their reliability and it's amazing. Highly recommend!,positive,148,20,26,1025,9.27,False,2,1
MEN_0408,2024-02-16,YouTube,support,The support on this product is top-notch. Best in class.,positive,101,37,18,1368,6.32,False,0,0
MEN_0409,2023-03-17,YouTube,user experience,The user experience is standard for the industry. Fair enough.,neutral,115,37,13,1105,7.82,False,5,1
MEN_0410,2024-08-26,Reddit,customer service,Love the new customer service update! Really impressed with how they handled this.,positive,52,10,7,936,4.41,False,1,2
MEN_0411,2023-04-10,LinkedIn,competitor comparison,Disappointed with the competitor comparison. Expected much better quality.,negative,80,29,10,976,8.6,False,2,2
MEN_0412,2024-01-29,Facebook,pricing,The pricing seems okay. Nothing special but works.,neutral,55,17,10,153,2.9,False,2,2
MEN_0413,2023-04-12,Facebook,competitor comparison,The competitor comparison on this product is top-notch. Best in class.,positive,54,12,9,1077,3.6,False,4,0
MEN_0414,2023-08-26,YouTube,competitor comparison,Just tried their competitor comparison and it's amazing. Highly recommend!,positive,199,50,14,1554,6.39,True,4,1
MEN_0415,2023-01-07,Instagram,product quality,The product quality on this product is top-notch. Best in class.,positive,229,62,36,2602,5.69,False,2,0
MEN_0416,2024-12-24,Twitter,innovation,The innovation is standard for the industry. Fair enough.,neutral,35,12,6,990,7.58,True,2,0
MEN_0417,2023-08-16,YouTube,customer service,Shoutout to the team for excellent customer service. Keep it up!,positive,150,35,24,1307,7.05,True,5,2
MEN_0418,2023-02-09,Instagram,customer service,Mixed feelings about customer service. Will monitor updates.,neutral,62,21,9,1197,8.9,True,5,0
MEN_0419,2023-09-09,LinkedIn,delivery,Just tried their delivery and it's amazing. Highly recommend!,positive,67,12,4,868,8.32,False,2,1
MEN_0420,2023-07-23,YouTube,customer service,"Average customer service experience. Could be better, could be worse.",neutral,40,4,5,825,2.88,False,0,3
MEN_0421,2024-12-05,Facebook,delivery,Shoutout to the team for excellent delivery. Keep it up!,positive,51,10,6,91,9.59,False,1,2
MEN_0422,2024-11-15,Instagram,innovation,The innovation is standard for the industry. Fair enough.,neutral,89,23,8,997,2.97,False,3,3
MEN_0423,2023-11-30,LinkedIn,reliability,Great experience with their reliability. Customer for life!,positive,87,25,8,165,4.58,False,3,3
MEN_0424,2024-09-07,Instagram,features,The features on this product is top-notch. Best in class.,positive,151,55,25,2365,1.55,False,2,2
MEN_0425,2024-02-26,Instagram,innovation,The innovation needs serious improvement. Not worth the price.,negative,298,53,47,1973,4.06,True,2,3
MEN_0426,2024-02-24,LinkedIn,delivery,Mixed feelings about delivery. Will monitor updates.,neutral,19,5,3,12,6.52,False,1,0
MEN_0427,2023-01-22,Instagram,customer service,"Neutral on the customer service. Some good, some bad aspects.",neutral,119,39,15,724,6.89,False,1,2
MEN_0428,2024-07-02,LinkedIn,pricing,The pricing is standard for the industry. Fair enough.,neutral,42,7,7,757,9.2,False,3,1
MEN_0429,2024-07-20,YouTube,features,The features seems okay. Nothing special but works.,neutral,141,46,18,2371,5.51,False,0,1
MEN_0430,2023-10-17,Facebook,product quality,Just tried their product quality and it's amazing. Highly recommend!,positive,33,10,5,657,4.4,False,1,2
MEN_0431,2023-03-28,Twitter,customer service,Bad experience with customer service. Looking for alternatives now.,negative,53,17,6,2010,9.27,True,5,3
MEN_0432,2023-07-18,Reddit,competitor comparison,The competitor comparison is standard for the industry. Fair enough.,neutral,25,2,2,-438,2.82,False,5,3
MEN_0433,2024-01-21,Facebook,reliability,Great experience with their reliability. Customer for life!,positive,80,19,14,149,5.8,False,3,0
MEN_0434,2024-05-23,YouTube,reliability,Mixed feelings about reliability. Will monitor updates.,neutral,125,29,17,803,1.22,False,3,2
MEN_0435,2024-05-03,Reddit,customer service,The customer service needs serious improvement. Not worth the price.,negative,35,10,2,410,6.05,False,3,1
MEN_0436,2023-03-27,LinkedIn,reliability,Bad experience with reliability. Looking for alternatives now.,negative,77,27,12,256,1.53,False,2,3
MEN_0437,2023-11-15,YouTube,user experience,The user experience seems okay. Nothing special but works.,neutral,78,21,8,404,1.05,False,4,3
MEN_0438,2024-07-12,Instagram,user experience,"Average user experience experience. Could be better, could be worse.",neutral,62,19,7,930,8.73,True,0,3
MEN_0439,2024-12-17,Twitter,reliability,Love the new reliability update! Really impressed with how they handled this.,positive,55,17,4,-69,4.94,True,0,3
MEN_0440,2024-05-22,LinkedIn,support,Why is the support still not fixed? Very disappointed.,negative,67,6,4,103,9.96,False,4,2
MEN_0441,2024-09-21,Facebook,delivery,"Average delivery experience. Could be better, could be worse.",neutral,29,8,4,90,9.57,False,4,2
MEN_0442,2024-04-28,Instagram,features,"Average features experience. Could be better, could be worse.",neutral,47,14,5,317,3.86,False,1,3
MEN_0443,2023-03-10,Twitter,competitor comparison,"Average competitor comparison experience. Could be better, could be worse.",neutral,61,15,6,1115,1.55,False,4,1
MEN_0444,2023-03-10,Facebook,support,"Neutral on the support. Some good, some bad aspects.",neutral,46,17,4,9,8.39,False,4,2
MEN_0445,2024-01-12,Reddit,reliability,Mixed feelings about reliability. Will monitor updates.,neutral,26,7,1,-100,2.37,False,2,1
MEN_0446,2023-09-27,Reddit,customer service,Shoutout to the team for excellent customer service. Keep it up!,positive,51,16,5,800,7.95,False,4,2
MEN_0447,2024-09-22,YouTube,innovation,Love the new innovation update! Really impressed with how they handled this.,positive,251,99,15,2910,8.23,False,1,1
MEN_0448,2024-05-01,Twitter,user experience,Love the new user experience update! Really impressed with how they handled this.,positive,52,17,5,1234,5.25,False,4,0
MEN_0449,2023-09-04,Reddit,reliability,Great experience with their reliability. Customer for life!,positive,58,11,10,814,3.85,True,4,1
MEN_0450,2023-06-20,YouTube,competitor comparison,The competitor comparison is standard for the industry. Fair enough.,neutral,107,26,18,1135,7.17,False,3,2
MEN_0451,2023-07-02,Twitter,user experience,"Neutral on the user experience. Some good, some bad aspects.",neutral,63,10,8,917,9.98,False,3,2
MEN_0452,2023-07-03,YouTube,product quality,The product quality on this product is top-notch. Best in class.,positive,193,19,18,1796,1.85,False,2,0
MEN_0453,2024-09-13,Facebook,product quality,Bad experience with product quality. Looking for alternatives now.,negative,87,34,13,732,3.47,True,4,0
MEN_0454,2024-04-27,Reddit,innovation,Bad experience with innovation. Looking for alternatives now.,negative,81,23,10,-77,1.93,False,0,1
MEN_0455,2024-12-23,YouTube,pricing,"Average pricing experience. Could be better, could be worse.",neutral,49,17,3,936,4.99,True,2,0
MEN_0456,2024-07-11,Facebook,features,The features seems okay. Nothing special but works.,neutral,31,9,5,415,9.08,False,4,2
MEN_0457,2024-06-12,Twitter,reliability,Disappointed with the reliability. Expected much better quality.,negative,59,20,7,978,7.56,True,1,3
MEN_0458,2023-02-15,Facebook,delivery,Shoutout to the team for excellent delivery. Keep it up!,positive,66,19,11,-747,9.47,False,2,2
MEN_0459,2023-05-01,Facebook,innovation,Disappointed with the innovation. Expected much better quality.,negative,107,25,7,1046,1.82,True,1,2
MEN_0460,2024-08-28,YouTube,product quality,The product quality seems okay. Nothing special but works.,neutral,66,14,4,232,7.52,False,2,1
MEN_0461,2023-05-16,Facebook,product quality,The product quality on this product is top-notch. Best in class.,positive,46,6,4,1210,3.03,False,2,1
MEN_0462,2023-07-01,Facebook,competitor comparison,"Neutral on the competitor comparison. Some good, some bad aspects.",neutral,20,4,2,507,7.95,False,3,1
MEN_0463,2023-02-07,Reddit,reliability,Shoutout to the team for excellent reliability. Keep it up!,positive,30,9,3,417,8.3,False,1,2
MEN_0464,2024-12-17,Reddit,support,"Neutral on the support. Some good, some bad aspects.",neutral,12,3,1,-95,5.21,True,0,1
MEN_0465,2024-05-01,LinkedIn,innovation,The innovation needs serious improvement. Not worth the price.,negative,80,23,14,998,3.9,True,5,2
MEN_0466,2023-01-09,LinkedIn,reliability,The reliability needs serious improvement. Not worth the price.,negative,88,11,16,415,3.76,False,4,1
MEN_0467,2023-01-23,Instagram,delivery,Why is the delivery still not fixed? Very disappointed.,negative,246,78,29,2410,3.19,False,4,2
MEN_0468,2024-05-09,YouTube,reliability,Just tried their reliability and it's amazing. Highly recommend!,positive,246,91,31,2170,4.79,False,4,3
MEN_0469,2024-08-30,Twitter,pricing,The pricing needs serious improvement. Not worth the price.,negative,182,70,34,2953,2.79,False,1,1
MEN_0470,2024-11-10,Facebook,product quality,"Neutral on the product quality. Some good, some bad aspects.",neutral,54,7,5,1274,4.56,False,0,1
MEN_0471,2023-07-25,LinkedIn,competitor comparison,Just tried their competitor comparison and it's amazing. Highly recommend!,positive,38,6,2,911,3.2,False,2,0
MEN_0472,2024-05-03,LinkedIn,user experience,Shoutout to the team for excellent user experience. Keep it up!,positive,68,21,12,-65,7.02,False,5,1
MEN_0473,2023-04-09,Instagram,pricing,Just tried their pricing and it's amazing. Highly recommend!,positive,131,25,12,1742,7.07,False,4,3
MEN_0474,2024-06-30,Twitter,user experience,Why is the user experience still not fixed? Very disappointed.,negative,54,19,4,633,3.12,False,2,0
MEN_0475,2024-09-17,Reddit,reliability,"Average reliability experience. Could be better, could be worse.",neutral,14,2,1,751,4.92,False,3,1
MEN_0476,2024-03-11,LinkedIn,competitor comparison,Great experience with their competitor comparison. Customer for life!,positive,24,9,2,401,2.47,False,0,3
MEN_0477,2023-03-26,Facebook,customer service,The customer service is standard for the industry. Fair enough.,neutral,54,5,5,536,6.17,False,5,3
MEN_0478,2023-01-12,Instagram,reliability,Disappointed with the reliability. Expected much better quality.,negative,152,26,22,1636,6.43,False,4,2
MEN_0479,2024-04-29,YouTube,user experience,"Neutral on the user experience. Some good, some bad aspects.",neutral,53,8,6,-372,7.84,True,1,0
MEN_0480,2023-12-12,YouTube,delivery,Shoutout to the team for excellent delivery. Keep it up!,positive,257,81,30,2186,1.44,False,0,0
MEN_0481,2024-05-16,Instagram,user experience,Shoutout to the team for excellent user experience. Keep it up!,positive,183,32,18,2016,3.67,True,4,2
MEN_0482,2023-07-03,Facebook,user experience,Bad experience with user experience. Looking for alternatives now.,negative,78,22,10,1349,4.22,True,4,3
MEN_0483,2023-09-12,LinkedIn,customer service,Having issues with customer service again. This is frustrating.,negative,95,27,10,674,3.47,False,5,1
MEN_0484,2024-06-20,Reddit,innovation,The innovation on this product is top-notch. Best in class.,positive,39,5,7,369,6.74,True,3,0
MEN_0485,2023-12-12,YouTube,competitor comparison,Disappointed with the competitor comparison. Expected much better quality.,negative,155,50,24,749,7.68,True,3,0
MEN_0486,2023-07-16,Reddit,competitor comparison,Mixed feelings about competitor comparison. Will monitor updates.,neutral,25,8,2,979,8.19,False,4,3
MEN_0487,2023-08-09,Instagram,competitor comparison,"Average competitor comparison experience. Could be better, could be worse.",neutral,58,17,8,1136,9.19,False,2,0
MEN_0488,2024-02-21,LinkedIn,product quality,"Average product quality experience. Could be better, could be worse.",neutral,21,5,3,536,6.71,True,1,1
MEN_0489,2023-01-19,YouTube,user experience,Shoutout to the team for excellent user experience. Keep it up!,positive,139,43,24,1593,6.29,False,2,3
MEN_0490,2024-05-02,Reddit,product quality,The product quality on this product is top-notch. Best in class.,positive,38,8,4,1156,7.68,False,4,1
MEN_0491,2024-11-20,Instagram,competitor comparison,Why is the competitor comparison still not fixed? Very disappointed.,negative,312,90,41,2717,4.11,False,5,2
MEN_0492,2023-11-08,Facebook,user experience,Bad experience with user experience. Looking for alternatives now.,negative,43,12,3,-26,4.16,False,3,0
MEN_0493,2023-10-18,Reddit,innovation,The innovation is standard for the industry. Fair enough.,neutral,37,5,5,900,8.65,True,3,1
MEN_0494,2023-08-05,Twitter,delivery,Just tried their delivery and it's amazing. Highly recommend!,positive,123,48,24,1727,5.95,False,1,3
MEN_0495,2024-09-05,Facebook,user experience,The user experience seems okay. Nothing special but works.,neutral,47,14,6,-126,6.73,False,4,3
MEN_0496,2023-08-19,Instagram,innovation,"Neutral on the innovation. Some good, some bad aspects.",neutral,111,26,20,844,2.6,False,0,2
MEN_0497,2024-04-20,YouTube,pricing,The pricing seems okay. Nothing special but works.,neutral,86,25,16,1704,4.69,True,4,1
MEN_0498,2023-05-22,Reddit,delivery,Disappointed with the delivery. Expected much better quality.,negative,69,22,13,895,3.93,False,1,3
MEN_0499,2024-12-01,Twitter,user experience,Shoutout to the team for excellent user experience. Keep it up!,positive,136,40,18,1753,8.77,False,3,2
MEN_0500,2023-09-03,LinkedIn,innovation,"Average innovation experience. Could be better, could be worse.",neutral,23,4,4,-349,2.86,False,3,1
MEN_0501,2024-12-01,Reddit,innovation,"Average innovation experience. Could be better, could be worse.",neutral,39,9,2,718,6.44,False,1,1
MEN_0502,2024-04-18,YouTube,customer service,Love the new customer service update! Really impressed with how they handled this.,positive,228,50,29,1570,5.23,False,0,3
MEN_0503,2023-09-24,YouTube,support,Shoutout to the team for excellent support. Keep it up!,positive,220,57,11,1210,5.33,True,2,3
MEN_0504,2023-02-10,Facebook,reliability,Mixed feelings about reliability. Will monitor updates.,neutral,46,10,7,823,1.93,False,4,0
MEN_0505,2023-06-23,Facebook,reliability,"Average reliability experience. Could be better, could be worse.",neutral,59,19,4,1307,1.87,True,3,3
MEN_0506,2023-09-08,Facebook,user experience,Great experience with their user experience. Customer for life!,positive,59,13,5,463,3.48,True,1,1
MEN_0507,2024-06-18,Facebook,product quality,The product quality on this product is top-notch. Best in class.,positive,80,25,7,526,7.44,False,5,2
MEN_0508,2024-05-01,YouTube,innovation,"Average innovation experience. Could be better, could be worse.",neutral,129,39,9,2145,3.63,False,2,1
MEN_0509,2023-01-29,LinkedIn,delivery,Shoutout to the team for excellent delivery. Keep it up!,positive,23,4,2,132,8.83,False,3,3
MEN_0510,2024-09-25,LinkedIn,user experience,Why is the user experience still not fixed? Very disappointed.,negative,106,20,11,1027,8.79,False,5,1
MEN_0511,2024-06-21,Instagram,pricing,Bad experience with pricing. Looking for alternatives now.,negative,83,31,8,1676,3.78,False,1,2
MEN_0512,2024-09-15,YouTube,customer service,The customer service needs serious improvement. Not worth the price.,negative,249,67,36,2313,1.11,False,1,1
MEN_0513,2024-01-08,YouTube,product quality,Love the new product quality update! Really impressed with how they handled this.,positive,289,72,26,2562,9.65,False,0,0
MEN_0514,2024-04-02,Reddit,support,The support on this product is top-notch. Best in class.,positive,63,9,11,1037,8.72,False,5,3
MEN_0515,2023-07-01,Twitter,delivery,The delivery on this product is top-notch. Best in class.,positive,47,7,8,114,1.57,False,4,2
MEN_0516,2023-03-04,LinkedIn,features,Shoutout to the team for excellent features. Keep it up!,positive,54,6,9,467,1.46,True,1,3
MEN_0517,2023-04-30,Instagram,customer service,Disappointed with the customer service. Expected much better quality.,negative,210,34,25,1440,6.12,False,3,0
MEN_0518,2024-03-29,YouTube,features,Why is the features still not fixed? Very disappointed.,negative,326,129,28,3352,4.66,False,3,1
MEN_0519,2023-12-03,Reddit,innovation,The innovation needs serious improvement. Not worth the price.,negative,44,11,4,474,7.1,False,2,3
MEN_0520,2023-04-25,LinkedIn,innovation,Shoutout to the team for excellent innovation. Keep it up!,positive,54,8,3,1024,4.89,False,0,3
MEN_0521,2023-12-17,YouTube,support,"Average support experience. Could be better, could be worse.",neutral,133,43,10,1758,5.52,False,4,3
MEN_0522,2023-04-16,YouTube,competitor comparison,"Average competitor comparison experience. Could be better, could be worse.",neutral,108,15,7,1355,7.9,False,1,1
MEN_0523,2023-11-30,Reddit,innovation,The innovation is standard for the industry. Fair enough.,neutral,33,5,6,527,5.25,False,2,1
MEN_0524,2023-11-10,Facebook,user experience,"Neutral on the user experience. Some good, some bad aspects.",neutral,37,8,4,333,4.75,False,0,3
MEN_0525,2023-12-29,YouTube,pricing,"Neutral on the pricing. Some good, some bad aspects.",neutral,42,13,3,724,7.45,False,2,0
MEN_0526,2023-11-26,Instagram,reliability,Shoutout to the team for excellent reliability. Keep it up!,positive,193,65,27,1373,4.96,False,0,0
MEN_0527,2023-09-06,LinkedIn,user experience,Mixed feelings about user experience. Will monitor updates.,neutral,28,10,1,-894,6.93,False,1,2
MEN_0528,2024-09-13,Reddit,reliability,Love the new reliability update! Really impressed with how they handled this.,positive,54,9,5,1120,9.31,True,3,1
MEN_0529,2023-03-17,Facebook,reliability,"Average reliability experience. Could be better, could be worse.",neutral,44,11,5,777,4.94,False,4,2
MEN_0530,2024-07-24,Reddit,competitor comparison,"Average competitor comparison experience. Could be better, could be worse.",neutral,33,3,5,266,7.4,False,2,3
MEN_0531,2023-08-08,LinkedIn,user experience,Bad experience with user experience. Looking for alternatives now.,negative,62,9,12,1157,3.33,False,5,0
MEN_0532,2023-05-24,Twitter,reliability,Bad experience with reliability. Looking for alternatives now.,negative,169,59,9,1324,9.91,False,0,3
MEN_0533,2023-02-02,Reddit,user experience,The user experience is standard for the industry. Fair enough.,neutral,18,3,1,-172,1.68,True,4,0
MEN_0534,2024-06-28,LinkedIn,support,The support seems okay. Nothing special but works.,neutral,32,7,4,-102,2.72,True,5,3
MEN_0535,2023-10-11,Instagram,innovation,"Average innovation experience. Could be better, could be worse.",neutral,94,11,13,1223,4.06,False,5,3
MEN_0536,2023-01-22,Instagram,delivery,Shoutout to the team for excellent delivery. Keep it up!,positive,209,22,17,1298,4.84,False,1,2
MEN_0537,2024-06-29,Instagram,features,Mixed feelings about features. Will monitor updates.,neutral,120,44,18,816,6.19,False,1,1
MEN_0538,2023-11-12,LinkedIn,customer service,Shoutout to the team for excellent customer service. Keep it up!,positive,86,9,5,1004,4.14,True,2,2
MEN_0539,2023-08-24,YouTube,features,Just tried their features and it's amazing. Highly recommend!,positive,170,30,32,1097,2.96,False,0,1
MEN_0540,2024-03-26,Twitter,reliability,Just tried their reliability and it's amazing. Highly recommend!,positive,80,18,8,469,2.85,False,4,0
MEN_0541,2023-04-06,LinkedIn,support,Mixed feelings about support. Will monitor updates.,neutral,16,5,1,-945,5.4,False,2,2
MEN_0542,2024-03-01,LinkedIn,features,Mixed feelings about features. Will monitor updates.,neutral,24,4,1,542,5.11,True,3,3
MEN_0543,2024-02-14,Twitter,user experience,The user experience on this product is top-notch. Best in class.,positive,131,30,23,966,3.71,True,5,3
MEN_0544,2024-04-27,Twitter,competitor comparison,"Neutral on the competitor comparison. Some good, some bad aspects.",neutral,22,7,1,-329,1.08,False,1,1
MEN_0545,2024-12-12,Instagram,product quality,Just tried their product quality and it's amazing. Highly recommend!,positive,215,64,22,1502,4.73,False,3,1
MEN_0546,2023-06-28,Reddit,pricing,"Average pricing experience. Could be better, could be worse.",neutral,20,7,3,-9,1.27,False,2,3
MEN_0547,2024-10-02,Facebook,competitor comparison,Disappointed with the competitor comparison. Expected much better quality.,negative,133,26,24,539,1.31,False,3,0
MEN_0548,2024-07-06,Instagram,delivery,"Average delivery experience. Could be better, could be worse.",neutral,47,4,8,1441,1.83,True,0,3
MEN_0549,2024-04-20,Instagram,support,Why is the support still not fixed? Very disappointed.,negative,274,27,33,1547,9.1,False,1,2
MEN_0550,2024-11-03,Reddit,user experience,The user experience seems okay. Nothing special but works.,neutral,24,7,4,14,2.77,False,4,1
MEN_0551,2023-05-27,LinkedIn,customer service,The customer service is standard for the industry. Fair enough.,neutral,22,6,1,273,3.26,False,2,3
MEN_0552,2024-11-15,Reddit,support,The support needs serious improvement. Not worth the price.,negative,81,11,9,422,6.95,False,5,0
MEN_0553,2024-01-30,YouTube,product quality,"Average product quality experience. Could be better, could be worse.",neutral,41,11,7,516,3.14,False,2,0
MEN_0554,2024-08-08,Instagram,innovation,"Average innovation experience. Could be better, could be worse.",neutral,92,31,12,520,5.07,False,3,2
MEN_0555,2024-07-12,Instagram,customer service,Mixed feelings about customer service. Will monitor updates.,neutral,120,24,22,1965,3.3,False,4,3
MEN_0556,2024-11-10,Twitter,user experience,"Neutral on the user experience. Some good, some bad aspects.",neutral,23,4,3,-329,9.68,False,0,1
MEN_0557,2024-04-13,Twitter,customer service,The customer service needs serious improvement. Not worth the price.,negative,68,13,8,-495,5.98,True,4,1
MEN_0558,2024-02-12,Reddit,features,Just tried their features and it's amazing. Highly recommend!,positive,62,9,10,-29,5.73,False,4,0
MEN_0559,2024-06-29,Facebook,support,Shoutout to the team for excellent support. Keep it up!,positive,45,6,6,643,6.71,False,1,1
MEN_0560,2024-07-07,Reddit,reliability,"Neutral on the reliability. Some good, some bad aspects.",neutral,11,4,1,51,4.51,False,3,3
MEN_0561,2024-04-24,Facebook,pricing,"Neutral on the pricing. Some good, some bad aspects.",neutral,16,2,2,536,3.8,False,4,0
MEN_0562,2023-03-02,Instagram,pricing,Just tried their pricing and it's amazing. Highly recommend!,positive,197,67,37,2220,3.18,False,5,3
MEN_0563,2024-02-05,Reddit,features,The features on this product is top-notch. Best in class.,positive,22,8,2,-98,9.03,True,5,1
MEN_0564,2023-07-30,Instagram,pricing,"Neutral on the pricing. Some good, some bad aspects.",neutral,33,4,3,85,1.92,False,3,1
MEN_0565,2024-11-07,Instagram,competitor comparison,Mixed feelings about competitor comparison. Will monitor updates.,neutral,103,24,6,837,9.81,False,2,0
MEN_0566,2024-01-26,Facebook,customer service,Bad experience with customer service. Looking for alternatives now.,negative,110,39,16,2042,8.15,False,1,0
MEN_0567,2023-04-01,YouTube,delivery,"Neutral on the delivery. Some good, some bad aspects.",neutral,68,24,8,1025,7.31,False,3,0
MEN_0568,2024-10-15,Twitter,competitor comparison,"Neutral on the competitor comparison. Some good, some bad aspects.",neutral,74,21,7,1685,7.0,False,2,0
MEN_0569,2023-01-14,Twitter,innovation,Great experience with their innovation. Customer for life!,positive,62,14,5,1040,9.98,False,4,3
MEN_0570,2024-09-13,Reddit,reliability,Love the new reliability update! Really impressed with how they handled this.,positive,51,17,9,478,6.18,True,1,2
MEN_0571,2024-08-17,YouTube,delivery,Bad experience with delivery. Looking for alternatives now.,negative,315,35,46,2640,4.96,False,4,0
MEN_0572,2024-02-13,YouTube,reliability,The reliability seems okay. Nothing special but works.,neutral,65,10,9,750,3.96,False,3,0
MEN_0573,2024-04-12,Facebook,user experience,"Neutral on the user experience. Some good, some bad aspects.",neutral,32,12,2,289,8.05,False,3,2
MEN_0574,2023-06-14,LinkedIn,support,Mixed feelings about support. Will monitor updates.,neutral,35,11,5,303,8.03,False,3,0
MEN_0575,2023-12-08,Facebook,delivery,Having issues with delivery again. This is frustrating.,negative,77,14,14,665,1.81,False,2,3
MEN_0576,2024-10-16,LinkedIn,reliability,Great experience with their reliability. Customer for life!,positive,46,15,8,-566,7.79,False,2,0
MEN_0577,2023-04-25,LinkedIn,delivery,Shoutout to the team for excellent delivery. Keep it up!,positive,69,18,11,1320,5.84,False,4,0
MEN_0578,2023-07-23,Twitter,customer service,The customer service is standard for the industry. Fair enough.,neutral,71,10,7,684,4.18,False,3,0
MEN_0579,2023-10-28,Reddit,delivery,"Neutral on the delivery. Some good, some bad aspects.",neutral,39,9,2,-317,5.93,False,0,3
MEN_0580,2023-08-18,YouTube,features,Just tried their features and it's amazing. Highly recommend!,positive,174,59,12,1980,3.67,True,4,3
MEN_0581,2024-03-25,Instagram,support,Why is the support still not fixed? Very disappointed.,negative,126,19,16,832,4.6,False,3,2
MEN_0582,2024-12-24,Facebook,competitor comparison,The competitor comparison needs serious improvement. Not worth the price.,negative,148,56,14,1761,4.21,False,2,1
MEN_0583,2024-07-05,Reddit,pricing,Shoutout to the team for excellent pricing. Keep it up!,positive,58,15,3,1020,8.44,False,5,2
MEN_0584,2024-12-19,YouTube,support,"Average support experience. Could be better, could be worse.",neutral,95,25,5,1459,6.57,False,4,3
MEN_0585,2023-03-08,LinkedIn,product quality,Why is the product quality still not fixed? Very disappointed.,negative,88,32,10,799,7.36,True,5,2
MEN_0586,2023-03-08,YouTube,competitor comparison,Disappointed with the competitor comparison. Expected much better quality.,negative,314,77,48,2933,9.48,False,1,3
MEN_0587,2023-11-14,Reddit,competitor comparison,Shoutout to the team for excellent competitor comparison. Keep it up!,positive,63,15,6,317,7.9,False,2,0
MEN_0588,2024-09-16,Twitter,user experience,Disappointed with the user experience. Expected much better quality.,negative,142,36,22,1058,7.59,False,4,1
MEN_0589,2023-07-05,Twitter,innovation,"Neutral on the innovation. Some good, some bad aspects.",neutral,25,9,3,241,9.54,False,3,3
MEN_0590,2024-12-14,Instagram,pricing,"Average pricing experience. Could be better, could be worse.",neutral,41,8,6,305,8.91,False,0,1
MEN_0591,2023-09-24,Instagram,features,Love the new features update! Really impressed with how they handled this.,positive,121,39,15,797,1.18,False,0,0
MEN_0592,2024-11-30,Facebook,customer service,Shoutout to the team for excellent customer service. Keep it up!,positive,31,6,2,-261,8.2,False,4,2
MEN_0593,2023-03-13,LinkedIn,features,Bad experience with features. Looking for alternatives now.,negative,46,7,4,405,8.85,False,4,2
MEN_0594,2024-08-10,LinkedIn,innovation,"Average innovation experience. Could be better, could be worse.",neutral,30,10,3,82,6.6,False,0,2
MEN_0595,2023-10-26,Twitter,user experience,Mixed feelings about user experience. Will monitor updates.,neutral,51,18,6,-60,6.43,False,2,3
MEN_0596,2024-11-05,Reddit,reliability,The reliability seems okay. Nothing special but works.,neutral,30,3,2,715,2.27,False,1,3
MEN_0597,2023-02-12,Facebook,product quality,The product quality is standard for the industry. Fair enough.,neutral,54,20,8,1426,8.55,True,4,0
MEN_0598,2024-11-10,YouTube,user experience,Mixed feelings about user experience. Will monitor updates.,neutral,109,28,11,1571,5.92,False,2,2
MEN_0599,2023-05-19,Instagram,features,Great experience with their features. Customer for life!,positive,132,28,16,959,5.42,False,4,3
MEN_0600,2024-09-16,Instagram,competitor comparison,The competitor comparison needs serious improvement. Not worth the price.,negative,265,82,34,2624,1.37,True,2,1
MEN_0601,2024-10-18,Facebook,product quality,Disappointed with the product quality. Expected much better quality.,negative,156,33,16,2330,5.84,False,5,1
MEN_0602,2024-06-04,Facebook,product quality,The product quality seems okay. Nothing special but works.,neutral,37,5,3,-216,3.88,False,3,1
MEN_0603,2024-08-07,YouTube,delivery,Great experience with their delivery. Customer for life!,positive,121,37,22,1601,1.04,False,5,2
MEN_0604,2023-07-01,Instagram,features,Great experience with their features. Customer for life!,positive,68,9,5,-44,7.02,False,5,2
MEN_0605,2023-07-29,YouTube,competitor comparison,Disappointed with the competitor comparison. Expected much better quality.,negative,224,50,20,3082,9.11,False,2,0
MEN_0606,2024-10-03,YouTube,reliability,Great experience with their reliability. Customer for life!,positive,103,31,6,814,2.03,False,3,0
MEN_0607,2023-07-07,Reddit,user experience,The user experience on this product is top-notch. Best in class.,positive,72,22,11,1834,3.56,False,2,2
MEN_0608,2023-04-22,Twitter,reliability,"Average reliability experience. Could be better, could be worse.",neutral,77,20,9,1634,2.14,True,3,3
MEN_0609,2023-04-22,Twitter,features,Great experience with their features. Customer for life!,positive,58,19,9,526,3.18,False,2,3
MEN_0610,2023-05-27,Instagram,delivery,Mixed feelings about delivery. Will monitor updates.,neutral,105,16,8,690,3.86,False,0,1
MEN_0611,2023-12-16,Facebook,pricing,Just tried their pricing and it's amazing. Highly recommend!,positive,111,12,11,1207,9.52,False,0,1
MEN_0612,2023-07-08,YouTube,features,Great experience with their features. Customer for life!,positive,80,18,14,709,6.41,False,4,1
MEN_0613,2023-05-27,Reddit,user experience,Love the new user experience update! Really impressed with how they handled this.,positive,41,10,5,209,2.53,False,2,0
MEN_0614,2023-05-27,Twitter,features,Love the new features update! Really impressed with how they handled this.,positive,100,34,16,170,2.08,False,5,0
MEN_0615,2024-07-31,Reddit,customer service,Great experience with their customer service. Customer for life!,positive,71,20,6,452,6.54,False,5,1
MEN_0616,2024-11-30,Instagram,delivery,Great experience with their delivery. Customer for life!,positive,146,53,17,904,8.91,False,1,2
MEN_0617,2024-10-14,YouTube,pricing,The pricing is standard for the industry. Fair enough.,neutral,159,57,16,1865,1.19,False,1,0
MEN_0618,2024-04-15,Instagram,support,The support is standard for the industry. Fair enough.,neutral,44,12,3,935,4.65,False,3,3
MEN_0619,2024-03-30,Instagram,innovation,The innovation on this product is top-notch. Best in class.,positive,179,25,23,2160,3.21,False,4,1
MEN_0620,2024-11-06,Reddit,user experience,Mixed feelings about user experience. Will monitor updates.,neutral,35,11,3,521,3.76,False,1,3
MEN_0621,2023-04-22,Reddit,innovation,Shoutout to the team for excellent innovation. Keep it up!,positive,41,6,4,-16,9.01,False,4,3
MEN_0622,2023-07-04,Instagram,product quality,The product quality is standard for the industry. Fair enough.,neutral,86,13,16,962,7.13,False,5,3
MEN_0623,2024-08-11,LinkedIn,pricing,Bad experience with pricing. Looking for alternatives now.,negative,52,16,8,916,5.38,False,4,0
MEN_0624,2024-11-23,Twitter,customer service,Love the new customer service update! Really impressed with how they handled this.,positive,141,50,14,1116,1.81,False,1,1
MEN_0625,2023-08-07,Facebook,customer service,The customer service on this product is top-notch. Best in class.,positive,82,28,9,879,7.33,False,2,0
MEN_0626,2024-07-29,LinkedIn,pricing,Love the new pricing update! Really impressed with how they handled this.,positive,58,16,4,507,5.97,False,5,2
MEN_0627,2024-12-07,LinkedIn,customer service,"Average customer service experience. Could be better, could be worse.",neutral,44,5,2,1271,8.92,False,3,3
MEN_0628,2023-06-24,Twitter,delivery,"Neutral on the delivery. Some good, some bad aspects.",neutral,75,20,5,1175,9.05,False,5,2
MEN_0629,2023-12-14,Twitter,user experience,Just tried their user experience and it's amazing. Highly recommend!,positive,107,32,20,1374,2.0,False,5,2
MEN_0630,2023-10-27,YouTube,customer service,Great experience with their customer service. Customer for life!,positive,78,28,8,-78,2.52,False,1,2
MEN_0631,2024-06-16,Twitter,innovation,Just tried their innovation and it's amazing. Highly recommend!,positive,43,7,4,516,5.04,False,2,0
MEN_0632,2023-10-07,YouTube,innovation,"Neutral on the innovation. Some good, some bad aspects.",neutral,106,14,20,982,6.62,False,0,2
MEN_0633,2024-01-25,LinkedIn,innovation,Love the new innovation update! Really impressed with how they handled this.,positive,69,12,7,608,4.3,False,3,3
MEN_0634,2024-12-25,Facebook,pricing,"Neutral on the pricing. Some good, some bad aspects.",neutral,42,10,3,-361,9.22,True,5,2
MEN_0635,2024-06-05,Twitter,product quality,The product quality seems okay. Nothing special but works.,neutral,34,5,2,-203,6.15,False,0,0
MEN_0636,2023-01-10,YouTube,product quality,"Neutral on the product quality. Some good, some bad aspects.",neutral,144,41,10,1405,6.64,False,5,2
MEN_0637,2024-11-11,Twitter,delivery,Just tried their delivery and it's amazing. Highly recommend!,positive,59,19,3,1147,1.83,True,0,3
MEN_0638,2024-12-03,LinkedIn,features,Love the new features update! Really impressed with how they handled this.,positive,48,13,3,184,8.36,False,4,1
MEN_0639,2024-04-25,Facebook,delivery,The delivery seems okay. Nothing special but works.,neutral,37,9,2,170,9.77,False,1,1
MEN_0640,2024-12-17,Twitter,customer service,The customer service on this product is top-notch. Best in class.,positive,122,20,13,2110,8.52,False,4,3
MEN_0641,2024-06-02,YouTube,competitor comparison,The competitor comparison on this product is top-notch. Best in class.,positive,260,83,33,2451,6.89,False,2,1
MEN_0642,2023-03-08,Twitter,customer service,Disappointed with the customer service. Expected much better quality.,negative,142,49,8,1355,7.88,False,0,0
MEN_0643,2023-11-23,Reddit,user experience,Mixed feelings about user experience. Will monitor updates.,neutral,30,3,2,242,8.56,False,2,3
MEN_0644,2024-01-15,Instagram,competitor comparison,"Neutral on the competitor comparison. Some good, some bad aspects.",neutral,84,27,7,167,2.53,False,3,3
MEN_0645,2024-04-17,Facebook,reliability,Bad experience with reliability. Looking for alternatives now.,negative,94,13,15,1225,4.78,True,1,2
MEN_0646,2024-01-26,YouTube,pricing,Love the new pricing update! Really impressed with how they handled this.,positive,172,59,31,1393,2.36,False,1,0
MEN_0647,2023-01-17,Instagram,innovation,The innovation on this product is top-notch. Best in class.,positive,95,23,7,934,8.47,False,2,1
MEN_0648,2023-07-14,Instagram,delivery,The delivery is standard for the industry. Fair enough.,neutral,73,25,8,952,6.99,False,0,0
MEN_0649,2023-11-28,YouTube,innovation,Having issues with innovation again. This is frustrating.,negative,170,65,28,2671,4.75,True,2,1
MEN_0650,2023-12-13,YouTube,competitor comparison,The competitor comparison is standard for the industry. Fair enough.,neutral,113,31,14,471,4.07,False,5,1
MEN_0651,2024-01-14,Reddit,innovation,Great experience with their innovation. Customer for life!,positive,39,6,7,822,7.19,False,5,3
MEN_0652,2023-10-15,Reddit,user experience,The user experience needs serious improvement. Not worth the price.,negative,77,28,15,1204,8.03,False,1,1
MEN_0653,2023-09-13,Instagram,delivery,Disappointed with the delivery. Expected much better quality.,negative,155,56,16,1230,2.34,False,0,3
MEN_0654,2024-04-18,Reddit,competitor comparison,Great experience with their competitor comparison. Customer for life!,positive,62,20,5,919,2.29,True,3,1
MEN_0655,2023-08-17,YouTube,product quality,Shoutout to the team for excellent product quality. Keep it up!,positive,183,26,16,2651,3.88,False,4,1
MEN_0656,2024-10-23,LinkedIn,delivery,The delivery needs serious improvement. Not worth the price.,negative,96,30,7,577,8.19,False,1,3
MEN_0657,2024-03-09,YouTube,product quality,Just tried their product quality and it's amazing. Highly recommend!,positive,107,11,15,1190,7.86,True,2,3
MEN_0658,2023-06-01,Instagram,reliability,Why is the reliability still not fixed? Very disappointed.,negative,186,36,35,2062,5.1,False,5,3
MEN_0659,2023-10-19,LinkedIn,delivery,Love the new delivery update! Really impressed with how they handled this.,positive,30,10,3,567,4.32,False,5,3
MEN_0660,2024-07-17,Twitter,reliability,Bad experience with reliability. Looking for alternatives now.,negative,76,21,12,1144,6.79,False,4,0
MEN_0661,2024-06-07,Twitter,pricing,Disappointed with the pricing. Expected much better quality.,negative,70,9,5,783,7.42,True,2,2
MEN_0662,2023-12-13,Twitter,reliability,Love the new reliability update! Really impressed with how they handled this.,positive,92,24,11,1176,6.78,False,5,1
MEN_0663,2024-07-15,Twitter,features,Disappointed with the features. Expected much better quality.,negative,164,59,13,1184,1.51,False,0,0
MEN_0664,2024-10-20,YouTube,features,Disappointed with the features. Expected much better quality.,negative,165,28,12,1732,8.83,False,2,2
MEN_0665,2024-02-01,YouTube,reliability,The reliability on this product is top-notch. Best in class.,positive,185,55,28,1611,5.95,True,1,0
MEN_0666,2023-08-02,LinkedIn,delivery,The delivery needs serious improvement. Not worth the price.,negative,93,25,9,315,9.09,False,3,1
MEN_0667,2023-06-05,Reddit,product quality,Mixed feelings about product quality. Will monitor updates.,neutral,18,4,2,-74,2.44,False,4,2
MEN_0668,2023-12-09,LinkedIn,user experience,The user experience is standard for the industry. Fair enough.,neutral,16,2,0,294,6.43,False,3,1
MEN_0669,2023-07-09,Twitter,product quality,Love the new product quality update! Really impressed with how they handled this.,positive,121,43,9,1427,6.13,False,5,1
MEN_0670,2024-08-30,Facebook,user experience,Having issues with user experience again. This is frustrating.,negative,108,39,9,445,5.6,False,0,1
MEN_0671,2023-07-05,Facebook,features,Bad experience with features. Looking for alternatives now.,negative,126,29,13,791,7.78,False,3,2
MEN_0672,2024-11-14,LinkedIn,customer service,Disappointed with the customer service. Expected much better quality.,negative,106,30,18,1422,9.52,True,2,3
MEN_0673,2024-01-26,YouTube,delivery,The delivery seems okay. Nothing special but works.,neutral,46,7,3,714,4.81,False,0,2
MEN_0674,2024-03-03,YouTube,product quality,Love the new product quality update! Really impressed with how they handled this.,positive,277,52,24,3213,9.37,False,0,0
MEN_0675,2024-05-02,LinkedIn,product quality,Just tried their product quality and it's amazing. Highly recommend!,positive,53,19,8,1213,3.46,True,5,3
MEN_0676,2023-03-06,YouTube,pricing,Great experience with their pricing. Customer for life!,positive,227,24,28,2538,8.47,False,1,0
MEN_0677,2024-08-13,Twitter,customer service,"Neutral on the customer service. Some good, some bad aspects.",neutral,62,19,4,412,3.41,False,1,1
MEN_0678,2024-12-07,Instagram,product quality,The product quality seems okay. Nothing special but works.,neutral,115,40,13,1207,9.57,False,1,0
MEN_0679,2023-10-21,Facebook,customer service,Bad experience with customer service. Looking for alternatives now.,negative,138,36,14,2209,9.12,False,4,1
MEN_0680,2023-11-25,YouTube,user experience,Why is the user experience still not fixed? Very disappointed.,negative,220,52,22,3582,3.63,False,5,3
MEN_0681,2024-01-04,Instagram,customer service,Having issues with customer service again. This is frustrating.,negative,159,33,19,1821,7.78,False,0,2
MEN_0682,2024-06-02,YouTube,pricing,Why is the pricing still not fixed? Very disappointed.,negative,289,93,51,3157,6.16,False,5,3
MEN_0683,2023-03-25,Instagram,customer service,Mixed feelings about customer service. Will monitor updates.,neutral,36,4,1,722,9.41,False,5,1
MEN_0684,2024-12-01,YouTube,user experience,The user experience needs serious improvement. Not worth the price.,negative,319,108,42,3201,4.55,False,1,2
MEN_0685,2024-02-22,YouTube,customer service,Great experience with their customer service. Customer for life!,positive,110,33,17,1681,7.45,False,0,3
MEN_0686,2023-05-28,Twitter,competitor comparison,Great experience with their competitor comparison. Customer for life!,positive,71,11,10,1214,9.56,False,0,0
MEN_0687,2023-02-01,Facebook,customer service,Love the new customer service update! Really impressed with how they handled this.,positive,36,8,2,537,9.5,False,0,2
MEN_0688,2023-12-18,Instagram,user experience,Great experience with their user experience. Customer for life!,positive,171,64,24,1550,6.34,False,0,3
MEN_0689,2023-11-24,Facebook,product quality,Great experience with their product quality. Customer for life!,positive,107,23,14,309,1.88,False,4,2
MEN_0690,2024-12-02,Instagram,product quality,Great experience with their product quality. Customer for life!,positive,196,24,17,2326,1.83,False,5,0
MEN_0691,2024-04-10,Instagram,user experience,Great experience with their user experience. Customer for life!,positive,66,12,10,766,8.69,False,4,3
MEN_0692,2023-04-08,Twitter,pricing,Disappointed with the pricing. Expected much better quality.,negative,190,44,23,1531,5.17,False,3,0
MEN_0693,2023-09-17,Reddit,customer service,The customer service is standard for the industry. Fair enough.,neutral,15,3,2,-414,1.36,False,2,3
MEN_0694,2023-04-23,YouTube,pricing,The pricing seems okay. Nothing special but works.,neutral,63,15,3,960,7.98,False,3,0
MEN_0695,2023-11-06,LinkedIn,features,Shoutout to the team for excellent features. Keep it up!,positive,79,13,9,-10,7.31,True,0,1
MEN_0696,2023-05-23,LinkedIn,delivery,Bad experience with delivery. Looking for alternatives now.,negative,74,25,8,889,7.38,False,5,0
MEN_0697,2024-03-04,Instagram,product quality,Shoutout to the team for excellent product quality. Keep it up!,positive,186,22,11,2281,8.9,False,3,3
MEN_0698,2024-06-03,LinkedIn,pricing,Just tried their pricing and it's amazing. Highly recommend!,positive,28,4,2,554,6.94,False,2,2
MEN_0699,2024-05-04,Twitter,pricing,Disappointed with the pricing. Expected much better quality.,negative,133,22,9,1134,2.2,False,0,2
MEN_0700,2023-03-03,Reddit,product quality,The product quality on this product is top-notch. Best in class.,positive,51,5,9,-114,2.23,False,3,1
MEN_0701,2023-07-13,YouTube,innovation,Having issues with innovation again. This is frustrating.,negative,129,27,18,1583,5.87,True,1,1
MEN_0702,2024-06-06,LinkedIn,customer service,Disappointed with the customer service. Expected much better quality.,negative,80,13,13,1400,8.56,False,1,2
MEN_0703,2024-02-21,Twitter,reliability,The reliability on this product is top-notch. Best in class.,positive,125,13,18,963,9.38,False,3,1
MEN_0704,2023-05-11,Instagram,delivery,Mixed feelings about delivery. Will monitor updates.,neutral,117,34,19,1423,2.42,False,4,2
MEN_0705,2024-05-24,Twitter,reliability,Bad experience with reliability. Looking for alternatives now.,negative,59,7,10,1380,2.31,True,2,2
MEN_0706,2024-02-07,Facebook,innovation,"Neutral on the innovation. Some good, some bad aspects.",neutral,30,7,2,469,3.77,False,4,3
MEN_0707,2024-01-31,YouTube,delivery,Mixed feelings about delivery. Will monitor updates.,neutral,111,37,7,911,4.03,False,2,0
MEN_0708,2023-09-15,YouTube,competitor comparison,"Neutral on the competitor comparison. Some good, some bad aspects.",neutral,111,18,20,1630,3.92,False,4,1
MEN_0709,2023-12-23,Facebook,features,Mixed feelings about features. Will monitor updates.,neutral,48,8,6,111,7.03,False,4,1
MEN_0710,2024-12-05,Facebook,features,"Neutral on the features. Some good, some bad aspects.",neutral,50,13,4,-149,5.16,False,1,0
MEN_0711,2023-10-26,YouTube,features,The features on this product is top-notch. Best in class.,positive,116,34,14,1566,3.21,False,5,2
MEN_0712,2024-08-04,Instagram,support,The support on this product is top-notch. Best in class.,positive,169,29,32,1486,8.32,False,0,0
MEN_0713,2023-07-13,Facebook,innovation,Why is the innovation still not fixed? Very disappointed.,negative,110,20,14,941,2.79,True,3,3
MEN_0714,2024-09-01,Twitter,innovation,The innovation needs serious improvement. Not worth the price.,negative,67,10,6,356,8.21,True,0,0
MEN_0715,2023-10-12,Twitter,support,Having issues with support again. This is frustrating.,negative,167,63,25,1433,2.84,False,0,0
MEN_0716,2023-04-25,Facebook,delivery,"Neutral on the delivery. Some good, some bad aspects.",neutral,36,6,5,1061,6.14,False,4,2
MEN_0717,2023-08-31,LinkedIn,product quality,The product quality needs serious improvement. Not worth the price.,negative,98,14,19,1811,4.45,False,4,0
MEN_0718,2023-06-14,Twitter,delivery,"Neutral on the delivery. Some good, some bad aspects.",neutral,68,9,5,1577,4.66,False,3,1
MEN_0719,2023-06-27,LinkedIn,competitor comparison,Just tried their competitor comparison and it's amazing. Highly recommend!,positive,67,15,12,1215,8.65,False,1,1
MEN_0720,2023-04-13,Twitter,reliability,The reliability is standard for the industry. Fair enough.,neutral,29,10,5,523,7.76,True,4,2
MEN_0721,2023-07-30,YouTube,innovation,Why is the innovation still not fixed? Very disappointed.,negative,202,21,25,1303,4.49,False,4,1
MEN_0722,2024-01-17,LinkedIn,customer service,Bad experience with customer service. Looking for alternatives now.,negative,45,9,3,356,4.18,False,1,2
MEN_0723,2023-08-25,Instagram,delivery,The delivery seems okay. Nothing special but works.,neutral,97,26,14,2048,1.58,True,3,2
MEN_0724,2024-01-04,Instagram,product quality,Bad experience with product quality. Looking for alternatives now.,negative,298,37,26,2762,3.06,False,2,3
MEN_0725,2023-06-11,LinkedIn,features,Mixed feelings about features. Will monitor updates.,neutral,33,11,5,1087,9.81,False,0,1
MEN_0726,2023-04-03,YouTube,pricing,Shoutout to the team for excellent pricing. Keep it up!,positive,86,10,16,887,5.08,False,1,3
MEN_0727,2023-10-13,LinkedIn,features,Having issues with features again. This is frustrating.,negative,76,12,4,-579,1.47,False,2,3
MEN_0728,2024-03-09,LinkedIn,features,Just tried their features and it's amazing. Highly recommend!,positive,63,7,10,950,3.42,False,4,0
MEN_0729,2024-04-18,Reddit,user experience,"Average user experience experience. Could be better, could be worse.",neutral,26,4,4,893,3.93,False,2,0
MEN_0730,2024-05-27,Reddit,product quality,Just tried their product quality and it's amazing. Highly recommend!,positive,21,3,1,185,8.76,False,4,2
MEN_0731,2024-04-18,LinkedIn,innovation,Love the new innovation update! Really impressed with how they handled this.,positive,70,10,9,1316,1.38,False,1,0
MEN_0732,2023-10-22,Instagram,support,The support is standard for the industry. Fair enough.,neutral,84,26,15,6,5.2,False,2,3
MEN_0733,2023-09-15,Reddit,reliability,Great experience with their reliability. Customer for life!,positive,25,2,1,-442,9.95,False,0,3
MEN_0734,2024-01-27,Instagram,competitor comparison,The competitor comparison on this product is top-notch. Best in class.,positive,147,47,12,1572,7.98,False,3,1
MEN_0735,2024-10-26,Facebook,reliability,Love the new reliability update! Really impressed with how they handled this.,positive,111,41,9,1348,4.59,False,2,1
MEN_0736,2024-04-19,LinkedIn,reliability,"Average reliability experience. Could be better, could be worse.",neutral,46,16,8,1138,3.66,True,2,3
MEN_0737,2024-01-31,YouTube,reliability,The reliability on this product is top-notch. Best in class.,positive,154,39,18,1859,9.41,False,0,2
MEN_0738,2023-12-06,LinkedIn,competitor comparison,"Average competitor comparison experience. Could be better, could be worse.",neutral,12,1,1,-476,6.05,True,0,1
MEN_0739,2024-10-07,Reddit,user experience,Great experience with their user experience. Customer for life!,positive,37,10,3,476,3.94,False,0,0
MEN_0740,2024-03-24,Instagram,reliability,The reliability seems okay. Nothing special but works.,neutral,95,25,15,1250,5.55,False,3,2
MEN_0741,2024-11-07,YouTube,innovation,"Neutral on the innovation. Some good, some bad aspects.",neutral,57,18,4,-367,6.55,False,3,1
MEN_0742,2023-02-12,Twitter,competitor comparison,Just tried their competitor comparison and it's amazing. Highly recommend!,positive,59,15,6,568,8.43,False,3,2
MEN_0743,2023-08-04,Twitter,customer service,Love the new customer service update! Really impressed with how they handled this.,positive,67,16,4,502,5.21,False,5,3
MEN_0744,2023-04-27,Twitter,innovation,"Neutral on the innovation. Some good, some bad aspects.",neutral,57,22,10,242,9.6,False,4,2
MEN_0745,2024-10-08,YouTube,user experience,Why is the user experience still not fixed? Very disappointed.,negative,256,47,35,2809,9.07,False,0,3
MEN_0746,2024-05-09,Facebook,user experience,"Neutral on the user experience. Some good, some bad aspects.",neutral,39,12,4,-184,9.57,False,2,0
MEN_0747,2023-06-01,Reddit,features,"Average features experience. Could be better, could be worse.",neutral,36,6,6,568,9.33,False,4,2
MEN_0748,2024-02-27,YouTube,reliability,The reliability needs serious improvement. Not worth the price.,negative,189,32,27,2169,9.54,True,2,0
MEN_0749,2024-03-22,Instagram,reliability,Great experience with their reliability. Customer for life!,positive,236,47,24,2901,3.77,False,3,3
MEN_0750,2024-08-25,LinkedIn,reliability,Having issues with reliability again. This is frustrating.,negative,55,15,4,-11,2.43,False,4,3
MEN_0751,2023-03-26,Twitter,customer service,Love the new customer service update! Really impressed with how they handled this.,positive,54,12,9,-212,9.41,False,0,0
MEN_0752,2024-04-27,LinkedIn,product quality,The product quality on this product is top-notch. Best in class.,positive,68,25,10,819,6.99,True,0,1
MEN_0753,2023-11-14,Facebook,customer service,Shoutout to the team for excellent customer service. Keep it up!,positive,37,4,1,226,9.3,False,3,3
MEN_0754,2023-04-21,Facebook,delivery,Shoutout to the team for excellent delivery. Keep it up!,positive,36,10,2,1811,5.16,False,1,0
MEN_0755,2024-05-23,Reddit,features,The features seems okay. Nothing special but works.,neutral,21,4,1,439,5.25,False,2,2
MEN_0756,2023-10-28,YouTube,reliability,Having issues with reliability again. This is frustrating.,negative,338,119,50,3409,2.89,False,1,1
MEN_0757,2023-02-07,Twitter,product quality,Disappointed with the product quality. Expected much better quality.,negative,72,28,4,633,7.5,False,2,2
MEN_0758,2024-08-16,LinkedIn,innovation,Disappointed with the innovation. Expected much better quality.,negative,113,33,17,520,7.56,False,5,1
MEN_0759,2024-04-29,YouTube,product quality,Great experience with their product quality. Customer for life!,positive,118,14,6,1461,8.68,False,3,1
MEN_0760,2024-05-24,Instagram,reliability,"Neutral on the reliability. Some good, some bad aspects.",neutral,75,25,12,710,7.37,False,4,1
MEN_0761,2023-01-08,LinkedIn,competitor comparison,Bad experience with competitor comparison. Looking for alternatives now.,negative,108,21,6,1040,2.26,False,4,3
MEN_0762,2023-10-12,LinkedIn,pricing,Disappointed with the pricing. Expected much better quality.,negative,86,26,14,907,4.36,True,0,3
MEN_0763,2024-05-28,LinkedIn,features,Shoutout to the team for excellent features. Keep it up!,positive,40,8,5,510,6.31,False,1,3
MEN_0764,2023-02-10,Instagram,delivery,Why is the delivery still not fixed? Very disappointed.,negative,319,75,29,2320,1.16,False,5,0
MEN_0765,2024-04-30,Instagram,innovation,Mixed feelings about innovation. Will monitor updates.,neutral,86,32,15,1278,3.01,False,2,0
MEN_0766,2023-08-23,YouTube,delivery,The delivery on this product is top-notch. Best in class.,positive,75,12,6,326,8.39,False,3,0
MEN_0767,2024-03-16,Twitter,customer service,"Neutral on the customer service. Some good, some bad aspects.",neutral,52,19,9,450,1.15,False,4,0
MEN_0768,2024-05-23,Reddit,features,Why is the features still not fixed? Very disappointed.,negative,46,6,3,1102,9.9,False,5,2
MEN_0769,2023-07-01,Reddit,features,Great experience with their features. Customer for life!,positive,23,6,4,1119,1.19,False,5,2
MEN_0770,2023-06-23,YouTube,competitor comparison,The competitor comparison is standard for the industry. Fair enough.,neutral,59,13,9,-260,4.25,False,2,0
MEN_0771,2023-03-20,LinkedIn,customer service,The customer service seems okay. Nothing special but works.,neutral,46,5,7,475,7.83,False,1,0
MEN_0772,2024-04-07,Facebook,customer service,Why is the customer service still not fixed? Very disappointed.,negative,95,12,14,1086,3.5,True,2,0
MEN_0773,2023-12-28,LinkedIn,reliability,Mixed feelings about reliability. Will monitor updates.,neutral,46,14,8,-293,6.58,True,0,1
MEN_0774,2023-05-30,Facebook,pricing,Why is the pricing still not fixed? Very disappointed.,negative,63,25,10,1031,4.16,False,3,3
MEN_0775,2023-04-17,Reddit,reliability,Just tried their reliability and it's amazing. Highly recommend!,positive,53,12,7,588,7.28,False,5,3
MEN_0776,2024-07-24,Instagram,reliability,The reliability on this product is top-notch. Best in class.,positive,95,10,11,1047,1.03,False,0,2
MEN_0777,2024-10-26,Facebook,reliability,The reliability seems okay. Nothing special but works.,neutral,62,22,3,161,8.59,False,4,0
MEN_0778,2024-08-30,LinkedIn,innovation,Why is the innovation still not fixed? Very disappointed.,negative,95,19,13,1156,1.29,False,1,2
MEN_0779,2024-07-03,Instagram,competitor comparison,Love the new competitor comparison update! Really impressed with how they handled this.,positive,69,13,13,1109,2.23,False,3,1
MEN_0780,2023-10-15,Facebook,reliability,Mixed feelings about reliability. Will monitor updates.,neutral,33,8,5,393,4.66,True,2,2
MEN_0781,2023-07-09,YouTube,customer service,Mixed feelings about customer service. Will monitor updates.,neutral,112,39,11,863,1.86,False,2,2
MEN_0782,2023-05-07,LinkedIn,delivery,Love the new delivery update! Really impressed with how they handled this.,positive,38,6,6,161,5.95,False,0,2
MEN_0783,2024-07-19,YouTube,competitor comparison,Great experience with their competitor comparison. Customer for life!,positive,244,27,45,2550,4.78,False,2,0
MEN_0784,2023-05-21,Twitter,customer service,Mixed feelings about customer service. Will monitor updates.,neutral,20,7,1,224,8.29,False,4,0
MEN_0785,2023-09-28,LinkedIn,delivery,"Average delivery experience. Could be better, could be worse.",neutral,14,2,2,592,6.12,True,5,0
MEN_0786,2024-04-26,LinkedIn,pricing,Shoutout to the team for excellent pricing. Keep it up!,positive,38,8,5,139,8.88,False,5,1
MEN_0787,2024-05-19,Reddit,features,Just tried their features and it's amazing. Highly recommend!,positive,53,11,9,-79,3.63,False,3,3
MEN_0788,2024-08-15,Facebook,competitor comparison,Love the new competitor comparison update! Really impressed with how they handled this.,positive,93,16,13,1109,1.01,True,3,1
MEN_0789,2023-09-17,YouTube,pricing,Why is the pricing still not fixed? Very disappointed.,negative,135,40,9,1111,1.36,False,5,0
MEN_0790,2023-03-15,YouTube,reliability,Just tried their reliability and it's amazing. Highly recommend!,positive,137,18,6,1761,2.89,True,5,0
MEN_0791,2024-02-28,Twitter,user experience,Just tried their user experience and it's amazing. Highly recommend!,positive,54,15,3,543,4.32,False,3,2
MEN_0792,2024-03-30,YouTube,features,"Average features experience. Could be better, could be worse.",neutral,64,13,11,967,8.72,False,3,3
MEN_0793,2023-10-08,Instagram,product quality,Great experience with their product quality. Customer for life!,positive,143,16,26,922,1.54,False,4,2
MEN_0794,2023-07-28,Instagram,customer service,"Average customer service experience. Could be better, could be worse.",neutral,59,9,9,661,5.26,False,0,3
MEN_0795,2023-12-23,Facebook,features,The features needs serious improvement. Not worth the price.,negative,140,54,12,1050,5.32,False,1,0
MEN_0796,2023-08-29,YouTube,innovation,Shoutout to the team for excellent innovation. Keep it up!,positive,189,71,12,1279,7.49,False,2,0
MEN_0797,2023-10-06,YouTube,support,The support is standard for the industry. Fair enough.,neutral,42,11,7,-10,3.17,False,2,1
MEN_0798,2024-11-15,Reddit,delivery,Why is the delivery still not fixed? Very disappointed.,negative,94,27,18,667,1.03,True,2,3
MEN_0799,2024-08-04,Facebook,product quality,Having issues with product quality again. This is frustrating.,negative,53,10,8,1152,3.26,False,4,1
MEN_0800,2024-10-05,Instagram,delivery,The delivery needs serious improvement. Not worth the price.,negative,103,24,8,744,3.2,True,2,2
MEN_0801,2024-04-27,LinkedIn,support,Just tried their support and it's amazing. Highly recommend!,positive,51,13,7,-125,1.93,False,1,3
MEN_0802,2023-02-14,LinkedIn,innovation,Disappointed with the innovation. Expected much better quality.,negative,39,15,5,455,7.47,False,5,1
MEN_0803,2023-08-12,Facebook,customer service,Love the new customer service update! Really impressed with how they handled this.,positive,112,24,22,1134,6.79,False,1,0
MEN_0804,2023-12-15,LinkedIn,delivery,The delivery on this product is top-notch. Best in class.,positive,75,19,10,503,7.85,True,3,2
MEN_0805,2024-07-08,LinkedIn,product quality,The product quality is standard for the industry. Fair enough.,neutral,41,6,4,329,3.98,True,4,1
MEN_0806,2024-08-12,Facebook,product quality,The product quality needs serious improvement. Not worth the price.,negative,152,49,20,2008,2.48,True,5,0
MEN_0807,2024-11-14,Facebook,features,Just tried their features and it's amazing. Highly recommend!,positive,51,5,3,845,8.45,False,1,2
MEN_0808,2024-04-16,Twitter,innovation,Just tried their innovation and it's amazing. Highly recommend!,positive,41,13,6,702,4.3,False,5,3
MEN_0809,2023-06-07,YouTube,customer service,"Average customer service experience. Could be better, could be worse.",neutral,96,9,10,368,5.8,False,0,0
MEN_0810,2023-06-11,LinkedIn,customer service,Love the new customer service update! Really impressed with how they handled this.,positive,51,15,3,1953,7.42,False,5,2
MEN_0811,2024-04-08,LinkedIn,delivery,Why is the delivery still not fixed? Very disappointed.,negative,49,11,3,1015,8.53,False,2,2
MEN_0812,2023-09-24,Reddit,features,The features seems okay. Nothing special but works.,neutral,15,2,2,408,5.18,True,4,0
MEN_0813,2024-12-12,LinkedIn,product quality,Shoutout to the team for excellent product quality. Keep it up!,positive,86,11,10,277,9.18,False,5,1
MEN_0814,2023-02-24,Reddit,pricing,Having issues with pricing again. This is frustrating.,negative,84,14,4,1313,8.72,False,0,1
MEN_0815,2024-07-05,Reddit,customer service,Shoutout to the team for excellent customer service. Keep it up!,positive,24,4,3,-10,8.45,True,3,3
MEN_0816,2023-07-30,LinkedIn,features,The features seems okay. Nothing special but works.,neutral,30,8,1,202,7.49,False,0,2
MEN_0817,2024-04-16,LinkedIn,competitor comparison,"Neutral on the competitor comparison. Some good, some bad aspects.",neutral,13,4,2,-710,7.98,True,5,0
MEN_0818,2023-03-27,Facebook,pricing,Mixed feelings about pricing. Will monitor updates.,neutral,19,5,2,-430,8.25,False,4,2
MEN_0819,2023-02-28,YouTube,delivery,Just tried their delivery and it's amazing. Highly recommend!,positive,297,57,44,3189,8.15,False,5,2
MEN_0820,2023-10-27,Facebook,pricing,Just tried their pricing and it's amazing. Highly recommend!,positive,84,22,10,1343,5.42,True,1,1
MEN_0821,2023-10-23,Reddit,delivery,"Neutral on the delivery. Some good, some bad aspects.",neutral,21,2,2,552,1.24,False,0,0
MEN_0822,2024-11-08,Facebook,features,The features on this product is top-notch. Best in class.,positive,37,11,3,695,2.35,False,4,0
MEN_0823,2023-08-30,Instagram,pricing,Mixed feelings about pricing. Will monitor updates.,neutral,53,10,7,497,4.3,False,4,3
MEN_0824,2023-02-12,Reddit,product quality,Disappointed with the product quality. Expected much better quality.,negative,55,9,7,346,6.53,False,4,2
MEN_0825,2023-01-18,Reddit,support,Love the new support update! Really impressed with how they handled this.,positive,22,7,4,364,8.79,False,4,0
MEN_0826,2024-07-23,Reddit,product quality,The product quality on this product is top-notch. Best in class.,positive,72,21,9,1130,5.26,False,4,1
MEN_0827,2024-01-23,YouTube,features,Disappointed with the features. Expected much better quality.,negative,219,37,33,2192,2.27,False,4,2
MEN_0828,2023-06-24,Reddit,delivery,The delivery needs serious improvement. Not worth the price.,negative,55,8,4,1155,4.78,False,2,3
MEN_0829,2023-08-08,Twitter,competitor comparison,"Neutral on the competitor comparison. Some good, some bad aspects.",neutral,24,8,4,132,3.62,False,1,2
MEN_0830,2024-01-18,Facebook,product quality,Just tried their product quality and it's amazing. Highly recommend!,positive,94,19,12,449,2.68,False,5,0
MEN_0831,2024-11-15,Twitter,innovation,Great experience with their innovation. Customer for life!,positive,126,45,15,1254,9.64,False,4,0
MEN_0832,2023-08-20,YouTube,customer service,Shoutout to the team for excellent customer service. Keep it up!,positive,231,59,40,2362,3.48,False,3,0
MEN_0833,2024-11-20,YouTube,user experience,Love the new user experience update! Really impressed with how they handled this.,positive,298,55,24,2938,2.95,False,1,2
MEN_0834,2024-08-24,Facebook,customer service,Just tried their customer service and it's amazing. Highly recommend!,positive,102,34,6,1660,7.4,False,4,3
MEN_0835,2023-05-07,Reddit,product quality,Having issues with product quality again. This is frustrating.,negative,43,5,6,832,5.43,False,3,2
MEN_0836,2023-08-20,Twitter,reliability,The reliability seems okay. Nothing special but works.,neutral,77,28,10,54,5.54,False,3,0
MEN_0837,2024-04-17,Reddit,reliability,Mixed feelings about reliability. Will monitor updates.,neutral,36,3,2,1127,8.38,True,4,0
MEN_0838,2023-12-09,Instagram,customer service,Why is the customer service still not fixed? Very disappointed.,negative,205,21,31,679,4.0,False,2,2
MEN_0839,2024-09-02,Twitter,reliability,Mixed feelings about reliability. Will monitor updates.,neutral,60,13,8,1675,4.11,True,0,2
MEN_0840,2024-09-10,Twitter,customer service,Mixed feelings about customer service. Will monitor updates.,neutral,37,9,3,226,4.57,False,2,0
MEN_0841,2024-08-23,LinkedIn,reliability,Just tried their reliability and it's amazing. Highly recommend!,positive,86,24,10,765,1.66,False,2,2
MEN_0842,2023-12-12,Instagram,customer service,Love the new customer service update! Really impressed with how they handled this.,positive,185,66,17,1819,5.68,False,5,0
MEN_0843,2024-01-11,YouTube,product quality,"Neutral on the product quality. Some good, some bad aspects.",neutral,68,25,7,872,9.7,True,4,0
MEN_0844,2023-04-30,YouTube,pricing,Disappointed with the pricing. Expected much better quality.,negative,381,145,69,3809,1.5,False,2,3
MEN_0845,2024-02-12,Reddit,customer service,The customer service seems okay. Nothing special but works.,neutral,21,6,1,143,9.46,False,0,1
MEN_0846,2023-08-12,Facebook,user experience,Great experience with their user experience. Customer for life!,positive,75,11,10,1404,5.37,False,3,1
MEN_0847,2024-09-28,LinkedIn,support,"Neutral on the support. Some good, some bad aspects.",neutral,38,4,3,662,9.07,True,4,3
MEN_0848,2023-07-18,Facebook,competitor comparison,Shoutout to the team for excellent competitor comparison. Keep it up!,positive,96,24,10,480,2.91,False,4,0
MEN_0849,2023-02-24,Twitter,user experience,Disappointed with the user experience. Expected much better quality.,negative,140,15,14,1770,6.08,True,2,2
MEN_0850,2024-08-10,LinkedIn,product quality,The product quality is standard for the industry. Fair enough.,neutral,47,12,3,732,7.81,False,4,3
MEN_0851,2024-10-01,Reddit,reliability,"Neutral on the reliability. Some good, some bad aspects.",neutral,34,9,5,67,7.71,False,0,2
MEN_0852,2023-05-29,Reddit,user experience,Why is the user experience still not fixed? Very disappointed.,negative,43,8,2,826,1.19,False,2,1
MEN_0853,2023-06-29,LinkedIn,customer service,Just tried their customer service and it's amazing. Highly recommend!,positive,42,5,8,341,4.64,False,0,3
MEN_0854,2024-09-29,YouTube,product quality,The product quality is standard for the industry. Fair enough.,neutral,58,16,6,469,4.76,True,5,3
MEN_0855,2023-06-28,YouTube,features,Just tried their features and it's amazing. Highly recommend!,positive,191,31,28,1785,6.42,False,5,1
MEN_0856,2024-06-16,LinkedIn,support,"Neutral on the support. Some good, some bad aspects.",neutral,41,15,7,-804,8.99,True,1,3
MEN_0857,2023-12-16,Twitter,support,"Average support experience. Could be better, could be worse.",neutral,44,14,5,176,2.32,False,0,3
MEN_0858,2024-08-09,Instagram,user experience,Disappointed with the user experience. Expected much better quality.,negative,301,49,40,3366,8.28,True,5,1
MEN_0859,2023-07-14,Reddit,user experience,Disappointed with the user experience. Expected much better quality.,negative,43,6,3,418,5.87,False,4,2
MEN_0860,2024-06-05,Facebook,product quality,"Average product quality experience. Could be better, could be worse.",neutral,38,6,1,-262,8.67,False,4,3
MEN_0861,2024-02-03,Twitter,product quality,Great experience with their product quality. Customer for life!,positive,94,11,14,1422,8.33,False,0,0
MEN_0862,2023-03-09,Instagram,support,The support on this product is top-notch. Best in class.,positive,74,21,4,590,7.64,True,3,3
MEN_0863,2023-07-01,YouTube,support,Shoutout to the team for excellent support. Keep it up!,positive,288,84,41,2269,1.45,False,1,2
MEN_0864,2023-10-04,Twitter,innovation,Why is the innovation still not fixed? Very disappointed.,negative,92,13,14,2023,5.04,False,5,3
MEN_0865,2024-02-26,YouTube,pricing,The pricing needs serious improvement. Not worth the price.,negative,105,35,16,523,5.43,False,3,0
MEN_0866,2023-06-14,Reddit,delivery,The delivery on this product is top-notch. Best in class.,positive,20,7,3,639,3.37,False,1,1
MEN_0867,2024-04-09,LinkedIn,customer service,"Neutral on the customer service. Some good, some bad aspects.",neutral,24,9,1,-144,9.24,False,0,3
MEN_0868,2024-07-11,Twitter,innovation,Just tried their innovation and it's amazing. Highly recommend!,positive,113,13,8,1197,4.42,False,3,1
MEN_0869,2024-06-09,YouTube,user experience,Great experience with their user experience. Customer for life!,positive,197,77,20,1518,2.71,False,0,2
MEN_0870,2023-11-11,Facebook,delivery,Just tried their delivery and it's amazing. Highly recommend!,positive,107,21,7,450,4.56,False,0,0
MEN_0871,2024-03-17,Facebook,competitor comparison,"Average competitor comparison experience. Could be better, could be worse.",neutral,37,11,6,631,4.59,False,0,1
MEN_0872,2024-04-19,YouTube,innovation,"Average innovation experience. Could be better, could be worse.",neutral,149,18,26,1692,6.75,False,4,1
MEN_0873,2023-04-15,YouTube,features,Great experience with their features. Customer for life!,positive,113,29,18,1702,5.42,False,3,1
MEN_0874,2024-03-12,LinkedIn,support,Love the new support update! Really impressed with how they handled this.,positive,79,12,12,772,3.87,True,2,1
MEN_0875,2024-08-09,Instagram,product quality,Why is the product quality still not fixed? Very disappointed.,negative,210,61,23,3210,9.34,True,3,3
MEN_0876,2024-12-17,Twitter,reliability,The reliability is standard for the industry. Fair enough.,neutral,34,7,5,474,2.32,True,2,0
MEN_0877,2024-01-21,Reddit,pricing,Just tried their pricing and it's amazing. Highly recommend!,positive,28,8,2,563,2.43,False,5,2
MEN_0878,2023-01-16,Facebook,support,The support seems okay. Nothing special but works.,neutral,48,10,3,-199,1.66,False,0,1
MEN_0879,2023-12-02,Reddit,reliability,Mixed feelings about reliability. Will monitor updates.,neutral,38,10,4,72,7.14,False,3,2
MEN_0880,2024-07-13,Twitter,pricing,Love the new pricing update! Really impressed with how they handled this.,positive,133,45,25,1589,7.23,False,5,3
MEN_0881,2024-09-04,YouTube,competitor comparison,The competitor comparison needs serious improvement. Not worth the price.,negative,294,55,41,2897,8.62,False,4,0
MEN_0882,2024-10-24,Twitter,competitor comparison,Shoutout to the team for excellent competitor comparison. Keep it up!,positive,94,36,15,1033,1.32,False,0,2
MEN_0883,2023-07-03,LinkedIn,support,Bad experience with support. Looking for alternatives now.,negative,72,18,14,311,2.68,False,3,2
MEN_0884,2024-01-25,Twitter,delivery,Great experience with their delivery. Customer for life!,positive,93,24,10,990,2.35,False,4,3
MEN_0885,2024-06-01,Instagram,pricing,"Average pricing experience. Could be better, could be worse.",neutral,62,16,7,679,7.75,False,2,0
MEN_0886,2024-02-13,YouTube,pricing,"Average pricing experience. Could be better, could be worse.",neutral,84,25,15,249,6.97,False,3,3
MEN_0887,2024-09-26,Facebook,innovation,Disappointed with the innovation. Expected much better quality.,negative,120,18,22,1521,2.58,False,2,2
MEN_0888,2023-09-15,LinkedIn,support,Shoutout to the team for excellent support. Keep it up!,positive,49,6,8,-360,6.5,False,5,1
MEN_0889,2024-10-11,LinkedIn,support,"Neutral on the support. Some good, some bad aspects.",neutral,40,13,3,492,9.47,False,4,0
MEN_0890,2023-12-15,Instagram,pricing,The pricing on this product is top-notch. Best in class.,positive,93,30,14,1812,9.39,False,2,3
MEN_0891,2023-06-21,Reddit,pricing,Why is the pricing still not fixed? Very disappointed.,negative,41,12,4,750,6.47,False,0,1
MEN_0892,2024-05-31,Twitter,support,"Neutral on the support. Some good, some bad aspects.",neutral,41,15,5,747,3.37,False,4,2
MEN_0893,2023-01-17,Reddit,user experience,"Neutral on the user experience. Some good, some bad aspects.",neutral,34,5,2,-108,6.65,True,5,0
MEN_0894,2023-04-26,Instagram,delivery,Disappointed with the delivery. Expected much better quality.,negative,127,44,12,2154,3.12,True,0,2
MEN_0895,2023-08-04,Instagram,competitor comparison,The competitor comparison on this product is top-notch. Best in class.,positive,141,27,13,2098,1.97,False,2,1
MEN_0896,2024-03-05,Instagram,support,Great experience with their support. Customer for life!,positive,140,27,7,978,6.59,False,5,0
MEN_0897,2023-10-18,Twitter,product quality,"Average product quality experience. Could be better, could be worse.",neutral,47,13,9,232,2.1,False,4,3
MEN_0898,2024-07-28,Twitter,delivery,"Average delivery experience. Could be better, could be worse.",neutral,65,6,6,1277,3.12,False,4,2
MEN_0899,2024-02-16,LinkedIn,pricing,Mixed feelings about pricing. Will monitor updates.,neutral,41,14,4,1308,1.53,False,4,3
MEN_0900,2024-04-05,Reddit,innovation,Just tried their innovation and it's amazing. Highly recommend!,positive,26,8,3,-372,9.85,False,4,2
MEN_0901,2024-08-25,Instagram,user experience,"Neutral on the user experience. Some good, some bad aspects.",neutral,107,37,9,568,5.52,False,4,0
MEN_0902,2023-03-26,YouTube,reliability,The reliability seems okay. Nothing special but works.,neutral,56,19,10,488,1.39,False,2,1
MEN_0903,2024-08-23,YouTube,features,Just tried their features and it's amazing. Highly recommend!,positive,104,37,18,-45,8.44,False,2,0
MEN_0904,2023-08-02,Twitter,user experience,Love the new user experience update! Really impressed with how they handled this.,positive,96,27,10,969,7.64,True,2,2
MEN_0905,2023-10-19,Reddit,support,Bad experience with support. Looking for alternatives now.,negative,68,27,8,1272,5.5,False,3,3
MEN_0906,2024-10-14,Instagram,competitor comparison,Having issues with competitor comparison again. This is frustrating.,negative,259,35,45,1870,9.86,False,2,2
MEN_0907,2023-08-03,Twitter,support,Just tried their support and it's amazing. Highly recommend!,positive,117,40,7,1233,2.2,True,1,1
MEN_0908,2024-09-13,LinkedIn,product quality,Why is the product quality still not fixed? Very disappointed.,negative,38,8,1,89,1.81,False,3,2
MEN_0909,2024-05-16,LinkedIn,features,The features is standard for the industry. Fair enough.,neutral,24,6,3,1059,4.64,True,5,3
MEN_0910,2023-07-01,LinkedIn,user experience,The user experience needs serious improvement. Not worth the price.,negative,53,20,7,245,3.39,False,3,1
MEN_0911,2024-08-07,Twitter,user experience,Love the new user experience update! Really impressed with how they handled this.,positive,94,31,14,1699,5.08,False,1,0
MEN_0912,2024-02-06,Twitter,support,The support is standard for the industry. Fair enough.,neutral,77,22,5,471,5.11,False,1,3
MEN_0913,2023-08-11,Reddit,delivery,The delivery seems okay. Nothing special but works.,neutral,19,2,2,575,6.1,False,1,3
MEN_0914,2023-06-25,Twitter,reliability,Mixed feelings about reliability. Will monitor updates.,neutral,24,4,3,365,2.29,False,2,2
MEN_0915,2024-12-20,LinkedIn,delivery,Mixed feelings about delivery. Will monitor updates.,neutral,19,5,1,120,4.76,False,5,3
MEN_0916,2024-05-19,LinkedIn,pricing,"Neutral on the pricing. Some good, some bad aspects.",neutral,20,2,1,-195,8.79,False,3,0
MEN_0917,2023-07-04,Instagram,delivery,Mixed feelings about delivery. Will monitor updates.,neutral,74,11,5,901,1.63,True,2,1
MEN_0918,2024-11-13,Reddit,innovation,The innovation is standard for the industry. Fair enough.,neutral,31,5,4,89,8.36,False,4,1
MEN_0919,2023-05-14,LinkedIn,product quality,The product quality seems okay. Nothing special but works.,neutral,16,3,2,-184,7.53,True,4,1
MEN_0920,2023-06-27,Twitter,product quality,Shoutout to the team for excellent product quality. Keep it up!,positive,92,31,14,1656,5.19,False,4,3
MEN_0921,2023-12-24,YouTube,features,"Neutral on the features. Some good, some bad aspects.",neutral,120,24,10,1473,5.81,True,0,1
MEN_0922,2023-01-18,Facebook,competitor comparison,Great experience with their competitor comparison. Customer for life!,positive,88,30,15,1201,6.16,True,3,0
MEN_0923,2023-12-22,LinkedIn,features,Mixed feelings about features. Will monitor updates.,neutral,44,15,2,244,2.34,False,1,2
MEN_0924,2024-11-10,Twitter,customer service,Great experience with their customer service. Customer for life!,positive,68,24,8,587,1.51,False,0,3
MEN_0925,2024-04-26,Twitter,features,The features is standard for the industry. Fair enough.,neutral,25,9,1,125,1.44,False,5,1
MEN_0926,2023-04-29,LinkedIn,pricing,Great experience with their pricing. Customer for life!,positive,50,16,3,668,2.04,True,0,0
MEN_0927,2024-01-27,Instagram,customer service,Just tried their customer service and it's amazing. Highly recommend!,positive,67,19,3,990,2.22,False,5,3
MEN_0928,2023-09-12,LinkedIn,delivery,"Average delivery experience. Could be better, could be worse.",neutral,13,3,1,114,4.04,False,0,1
MEN_0929,2024-04-11,YouTube,competitor comparison,The competitor comparison seems okay. Nothing special but works.,neutral,57,19,4,173,1.81,True,4,3
MEN_0930,2024-10-02,Reddit,pricing,The pricing seems okay. Nothing special but works.,neutral,27,5,1,650,6.37,False,1,0
MEN_0931,2024-08-28,LinkedIn,user experience,"Neutral on the user experience. Some good, some bad aspects.",neutral,37,13,2,386,7.68,True,1,2
MEN_0932,2023-05-12,YouTube,delivery,Disappointed with the delivery. Expected much better quality.,negative,332,55,39,2599,2.28,False,3,2
MEN_0933,2024-07-16,Facebook,support,The support on this product is top-notch. Best in class.,positive,98,13,17,-87,3.33,True,5,1
MEN_0934,2023-01-27,LinkedIn,innovation,The innovation is standard for the industry. Fair enough.,neutral,16,4,1,308,6.02,False,0,1
MEN_0935,2024-09-05,Reddit,product quality,Disappointed with the product quality. Expected much better quality.,negative,57,20,3,155,3.05,False,2,0
MEN_0936,2023-12-17,Facebook,competitor comparison,"Average competitor comparison experience. Could be better, could be worse.",neutral,55,16,8,765,3.0,False,0,1
MEN_0937,2023-03-02,Twitter,product quality,Bad experience with product quality. Looking for alternatives now.,negative,193,51,31,1542,5.06,False,2,0
MEN_0938,2024-01-15,Instagram,delivery,"Neutral on the delivery. Some good, some bad aspects.",neutral,67,15,5,736,3.21,False,0,1
MEN_0939,2023-09-15,Instagram,reliability,Love the new reliability update! Really impressed with how they handled this.,positive,159,52,26,1400,5.63,True,1,0
MEN_0940,2024-02-27,Reddit,features,Great experience with their features. Customer for life!,positive,34,13,4,1215,4.81,True,4,0
MEN_0941,2024-06-13,Twitter,user experience,Having issues with user experience again. This is frustrating.,negative,138,49,9,1855,4.08,True,3,0
MEN_0942,2023-07-20,Reddit,product quality,Disappointed with the product quality. Expected much better quality.,negative,43,10,3,1103,1.72,True,2,2
MEN_0943,2024-06-27,Facebook,innovation,Great experience with their innovation. Customer for life!,positive,45,14,2,462,6.09,False,2,2
MEN_0944,2024-04-02,Instagram,reliability,Bad experience with reliability. Looking for alternatives now.,negative,87,11,4,1281,2.79,False,4,3
MEN_0945,2023-06-10,Instagram,competitor comparison,The competitor comparison is standard for the industry. Fair enough.,neutral,73,10,7,775,1.58,False,1,3
MEN_0946,2023-01-20,Twitter,product quality,The product quality is standard for the industry. Fair enough.,neutral,44,5,8,1174,6.64,True,0,0
MEN_0947,2023-02-21,Instagram,delivery,Bad experience with delivery. Looking for alternatives now.,negative,109,19,5,1053,6.9,False,1,0
MEN_0948,2024-07-30,YouTube,competitor comparison,The competitor comparison needs serious improvement. Not worth the price.,negative,174,69,10,1041,8.06,True,2,0
MEN_0949,2024-08-26,Facebook,delivery,The delivery is standard for the industry. Fair enough.,neutral,53,13,6,-469,3.01,True,1,3
MEN_0950,2024-08-27,Instagram,customer service,The customer service is standard for the industry. Fair enough.,neutral,89,28,5,1724,9.17,True,1,1
MEN_0951,2024-05-11,Facebook,product quality,Why is the product quality still not fixed? Very disappointed.,negative,71,12,5,949,3.9,False,1,2
MEN_0952,2024-08-19,Reddit,customer service,The customer service is standard for the industry. Fair enough.,neutral,34,4,5,612,3.38,False,5,1
MEN_0953,2023-01-27,LinkedIn,innovation,Great experience with their innovation. Customer for life!,positive,77,20,5,1514,1.8,True,1,0
MEN_0954,2024-10-07,YouTube,competitor comparison,Shoutout to the team for excellent competitor comparison. Keep it up!,positive,287,97,24,2044,7.16,False,4,3
MEN_0955,2023-05-31,Twitter,customer service,The customer service seems okay. Nothing special but works.,neutral,63,16,9,450,9.68,False,0,0
MEN_0956,2024-07-13,Instagram,competitor comparison,Just tried their competitor comparison and it's amazing. Highly recommend!,positive,88,11,16,761,8.95,False,4,1
MEN_0957,2024-08-07,Instagram,support,Love the new support update! Really impressed with how they handled this.,positive,157,18,8,1941,5.86,False,3,2
MEN_0958,2024-04-29,YouTube,customer service,"Average customer service experience. Could be better, could be worse.",neutral,141,30,8,1063,6.36,True,5,0
MEN_0959,2023-06-11,Reddit,innovation,Mixed feelings about innovation. Will monitor updates.,neutral,18,2,2,-420,6.04,False,1,3
MEN_0960,2024-02-06,Reddit,innovation,The innovation seems okay. Nothing special but works.,neutral,18,4,1,-425,2.06,True,4,3
MEN_0961,2023-04-26,Facebook,reliability,Shoutout to the team for excellent reliability. Keep it up!,positive,87,13,8,1444,9.04,False,4,1
MEN_0962,2023-12-08,YouTube,reliability,Great experience with their reliability. Customer for life!,positive,205,73,30,1678,6.77,False,2,0
MEN_0963,2024-09-11,Instagram,competitor comparison,The competitor comparison is standard for the industry. Fair enough.,neutral,68,11,6,403,6.51,True,2,3
MEN_0964,2024-06-07,Facebook,pricing,Love the new pricing update! Really impressed with how they handled this.,positive,43,8,4,747,2.44,False,4,1
MEN_0965,2024-10-07,Instagram,competitor comparison,Having issues with competitor comparison again. This is frustrating.,negative,80,31,15,450,8.01,False,4,3
MEN_0966,2024-06-29,YouTube,support,Love the new support update! Really impressed with how they handled this.,positive,273,38,24,1877,5.32,False,3,0
MEN_0967,2024-03-11,Twitter,delivery,The delivery seems okay. Nothing special but works.,neutral,37,6,6,-420,6.28,False,2,1
MEN_0968,2023-07-29,YouTube,reliability,Just tried their reliability and it's amazing. Highly recommend!,positive,181,40,9,1781,2.68,False,0,2
MEN_0969,2023-11-25,Reddit,support,The support on this product is top-notch. Best in class.,positive,62,19,11,868,4.24,False,2,3
MEN_0970,2023-05-29,Facebook,customer service,Bad experience with customer service. Looking for alternatives now.,negative,78,8,6,678,3.6,True,4,3
MEN_0971,2024-02-16,Twitter,innovation,The innovation is standard for the industry. Fair enough.,neutral,73,27,4,945,5.64,False,4,0
MEN_0972,2024-07-13,Reddit,product quality,The product quality is standard for the industry. Fair enough.,neutral,34,4,3,-466,4.99,False,4,0
MEN_0973,2023-08-20,Facebook,delivery,Great experience with their delivery. Customer for life!,positive,86,33,11,87,6.55,False,4,1
MEN_0974,2024-12-16,Reddit,reliability,Mixed feelings about reliability. Will monitor updates.,neutral,23,8,2,1356,3.81,True,2,2
MEN_0975,2024-08-25,Facebook,user experience,The user experience seems okay. Nothing special but works.,neutral,21,5,3,826,7.12,True,5,3
MEN_0976,2024-01-05,LinkedIn,reliability,The reliability seems okay. Nothing special but works.,neutral,24,2,1,624,7.14,True,1,3
MEN_0977,2023-08-01,Instagram,user experience,Just tried their user experience and it's amazing. Highly recommend!,positive,78,21,7,450,6.4,False,3,0
MEN_0978,2023-02-20,Twitter,delivery,Mixed feelings about delivery. Will monitor updates.,neutral,38,5,4,260,6.22,False,0,2
MEN_0979,2024-01-21,Instagram,competitor comparison,Mixed feelings about competitor comparison. Will monitor updates.,neutral,90,20,10,899,3.94,False,2,1
MEN_0980,2023-01-15,Facebook,user experience,The user experience needs serious improvement. Not worth the price.,negative,98,22,12,1637,1.26,False,2,2
MEN_0981,2023-08-15,LinkedIn,support,The support seems okay. Nothing special but works.,neutral,27,4,4,471,3.32,False,3,1
MEN_0982,2024-10-10,LinkedIn,reliability,The reliability on this product is top-notch. Best in class.,positive,26,5,2,522,6.47,False,0,0
MEN_0983,2024-12-12,YouTube,reliability,Just tried their reliability and it's amazing. Highly recommend!,positive,101,14,7,926,7.86,False,3,3
MEN_0984,2024-12-11,YouTube,innovation,Just tried their innovation and it's amazing. Highly recommend!,positive,246,69,26,2856,1.93,False,2,0
MEN_0985,2023-04-05,Facebook,support,"Neutral on the support. Some good, some bad aspects.",neutral,41,10,4,561,1.54,False,0,0
MEN_0986,2024-04-30,Reddit,support,The support is standard for the industry. Fair enough.,neutral,31,12,2,332,8.87,False,4,2
MEN_0987,2024-03-30,Twitter,competitor comparison,Bad experience with competitor comparison. Looking for alternatives now.,negative,168,59,24,1308,4.82,False,5,0
MEN_0988,2023-06-18,Twitter,features,Having issues with features again. This is frustrating.,negative,160,58,16,1543,4.87,False,5,3
MEN_0989,2024-06-29,Twitter,innovation,Having issues with innovation again. This is frustrating.,negative,105,18,13,510,3.79,True,5,1
MEN_0990,2024-05-30,Facebook,competitor comparison,The competitor comparison on this product is top-notch. Best in class.,positive,34,10,3,319,3.75,False,2,3
MEN_0991,2023-12-13,YouTube,pricing,The pricing seems okay. Nothing special but works.,neutral,53,20,3,574,7.42,False,2,3
MEN_0992,2024-11-29,Reddit,customer service,Bad experience with customer service. Looking for alternatives now.,negative,82,14,7,-382,6.77,False,3,1
MEN_0993,2023-02-01,LinkedIn,support,Having issues with support again. This is frustrating.,negative,103,38,10,914,1.11,False,0,0
MEN_0994,2024-09-13,Instagram,features,"Neutral on the features. Some good, some bad aspects.",neutral,63,18,3,42,6.48,False,2,1
MEN_0995,2023-10-01,Reddit,features,Just tried their features and it's amazing. Highly recommend!,positive,68,7,12,929,8.77,True,4,0
MEN_0996,2024-02-10,Instagram,innovation,Why is the innovation still not fixed? Very disappointed.,negative,297,104,30,3288,2.55,False,2,2
MEN_0997,2023-09-25,Facebook,reliability,Shoutout to the team for excellent reliability. Keep it up!,positive,48,12,5,266,1.59,False,4,1
MEN_0998,2024-04-06,YouTube,support,The support on this product is top-notch. Best in class.,positive,129,35,9,1564,5.11,False,4,2
MEN_0999,2024-07-05,YouTube,reliability,Mixed feelings about reliability. Will monitor updates.,neutral,109,43,14,1385,7.99,False,0,2
MEN_1000,2023-11-19,Instagram,delivery,The delivery is standard for the industry. Fair enough.,neutral,42,14,6,305,3.28,False,0,0
